KOR_1,KOR_18,KOR_2,KOR_3,KOR_4,KOR_5,KOR_6,KOR_7,KOR_8,KOR_9,CPI_China,CPI_Euro,CPI_G20,CPI_G7,CPI_OECD,China_exports,China_imports,China_trade_balance,Euro_Composite_business_confidence,Euro_Composite_consumer_confidence,G20_Composite_business_confidence,G20_Composite_consumer_confidence,G20_Composite_leading_indicator,G20_exports,G20_imports,G20_trade_balance,G7_Composite_business_confidence,G7_Composite_consumer_confidence,G7_Composite_leading_indicator,G7_exports,G7_imports,G7_trade_balance,OECD_Composite_business_confidence,OECD_Composite_consumer_confidence,OECD_exports,OECD_imports,OECD_trade_balance,WGS10YR,WTB1YR,WTB6MS,WCURRNS,WDDNS,MORTGAGE30US,FF,WPCREDIT,WPRIME,CURRCIR,EXPINF1YR,EXPINF2YR,EXPINF30YR,IRLTLT01USM156N,LNU02000000,LNU02300000,REAINTRATREARAT10Y,REAINTRATREARAT1YE,UNRATENSA,DEXKOUS,DJIA,NASDAQCOM,KOR_10,KOR_11,KOR_12,KOR_13,KOR_14,KOR_15,KOR_16,KOR_17
175515.4387,21.93967742,19473.96129,754242.8323,24.68258065,23.47,24.34322581,23.16709677,21.78767742,21.78767742,23.20322581,22.80580645,23.29785484,22.91465484,23.05282903,46.42765806,36.87109032,9.556560968,22.84160645,22.84605806,22.59022903,22.70464516,22.58188968,242.7259032,238.8201935,3.905734516,22.74529355,22.78930645,22.58544194,97.22000968,107.6953613,-10.47534935,22.70049355,22.70491935,178.9648968,186.0621581,-7.097244839,2.51,0.83,0.62,1429.7,1516.5,4.32,0.66,1.25,3.75,338.7325484,0.511391323,0.448768058,0.503668361,0.560322581,34235.96774,13.44516129,0.158980345,-0.480239223,1.035483871,1207.67,19840.275,5435.3025,2032.7175,623.0625,1.482,1.53,1.6484,1.8094,1.5734,1.25
176454.4194,22.21258065,20038.96774,758508.8903,24.93806452,23.91516129,23.79548387,20.3316129,21.98587097,21.98587097,23.41612903,22.63935484,23.36534516,22.96503548,23.12815806,41.26667097,29.67304516,11.59361903,22.86949677,22.84809032,22.60966129,22.71567742,22.60232258,228.3226129,233.9716129,-5.64915129,22.78818387,22.80688065,22.60948065,91.69004194,111.2321677,-19.54212355,22.72455161,22.7039129,171.601929,189.4256226,-17.82370032,2.43,0.84,0.62,1427.2,1556.1,4.20,0.60,1.25,3.75,339.7436452,0.474810406,0.430940142,0.500497652,0.548709677,33989.96774,13.36774194,0.1638567,-0.309551087,1.151612903,1196.6525,19921.7525,5478.77,2041.368,638.912,1.446,1.51,1.6236,1.7896,1.5198,1.25
176454.4194,22.21258065,20038.96774,758508.8903,24.93806452,23.91516129,23.79548387,20.3316129,21.98587097,21.98587097,23.41612903,22.63935484,23.36534516,22.96503548,23.12815806,41.26667097,29.67304516,11.59361903,22.86949677,22.84809032,22.60966129,22.71567742,22.60232258,228.3226129,233.9716129,-5.64915129,22.78818387,22.80688065,22.60948065,91.69004194,111.2321677,-19.54212355,22.72455161,22.7039129,171.601929,189.4256226,-17.82370032,2.38,0.80,0.59,1423.2,1333.9,4.12,0.66,1.25,3.75,339.7436452,0.474810406,0.430940142,0.500497652,0.548709677,33989.96774,13.36774194,0.1638567,-0.309551087,1.151612903,1188.76,19894.784,5553.78,2066.6,636.866,1.412,1.49,1.6444,1.8232,1.4982,1.25
176454.4194,22.21258065,20038.96774,758508.8903,24.93806452,23.91516129,23.79548387,20.3316129,21.98587097,21.98587097,23.41612903,22.63935484,23.36534516,22.96503548,23.12815806,41.26667097,29.67304516,11.59361903,22.86949677,22.84809032,22.60966129,22.71567742,22.60232258,228.3226129,233.9716129,-5.64915129,22.78818387,22.80688065,22.60948065,91.69004194,111.2321677,-19.54212355,22.72455161,22.7039129,171.601929,189.4256226,-17.82370032,2.43,0.79,0.61,1422.6,1322.9,4.09,0.66,1.25,3.75,339.7436452,0.474810406,0.430940142,0.500497652,0.548709677,33989.96774,13.36774194,0.1638567,-0.309551087,1.151612903,1169.79,19787.96333,5544.82,2068.996,625.416,1.41,1.49,1.6484,1.834,1.4918,1.25
176454.4194,22.21258065,20038.96774,758508.8903,24.93806452,23.91516129,23.79548387,20.3316129,21.98587097,21.98587097,23.41612903,22.63935484,23.36534516,22.96503548,23.12815806,41.26667097,29.67304516,11.59361903,22.86949677,22.84809032,22.60966129,22.71567742,22.60232258,228.3226129,233.9716129,-5.64915129,22.78818387,22.80688065,22.60948065,91.69004194,111.2321677,-19.54212355,22.72455161,22.7039129,171.601929,189.4256226,-17.82370032,2.48,0.77,0.60,1422.9,1383.8,4.19,0.66,1.25,3.75,339.7436452,0.474810406,0.430940142,0.500497652,0.548709677,33989.96774,13.36774194,0.1638567,-0.309551087,1.151612903,1168.108,19995.152,5625.24,2070.57,613.8425,1.42,1.49,1.6505,1.83175,1.487,1.25
189051.7091,23.98038018,21697.34793,817645.4151,26.56801843,25.34361751,25.66835253,22.56974654,23.71596313,23.71596313,25.17246544,24.44160138,25.19509862,24.77684942,24.95697373,33.23315599,31.55420933,1.678948295,24.64240979,24.58747224,24.35843894,24.46946141,24.34946717,240.1993001,245.7706394,-5.571414654,24.56058825,24.55273376,24.35708376,102.3248334,114.8981729,-12.57332994,24.48587189,24.44567154,189.4597297,198.13491,-8.675185806,2.48,0.80,0.63,1422.8,1513.2,4.19,0.65,1.25,3.75,365.7580058,0.482583991,0.450456326,0.539830597,0.588917051,36781.7765,14.46221198,0.185098629,-0.299493971,1.204032258,1150.344,19936.506,5634.824,2073.055,615.515,1.4275,1.49,1.67975,1.865,1.48525,1.25
194090.625,24.6875,22360.7,841300.025,27.22,25.915,26.4175,23.465,24.408,24.408,25.875,25.1625,25.927,25.501575,25.6885,30.01975,32.306675,-2.28692,25.351575,25.283225,25.05795,25.170975,25.048325,244.949975,250.49025,-5.54032,25.26955,25.251075,25.056125,106.57875,116.364575,-9.7858125,25.1904,25.142375,196.60285,201.618625,-5.01578,2.39,0.78,0.62,1427.3,1330.8,4.17,0.66,1.25,3.75,376.16375,0.485693425,0.4582628,0.555563775,0.605,37898.5,14.9,0.1935954,-0.295471125,1.225,1143.534,20127.764,5693.906,2071.782,610.018,1.404,1.49,1.6542,1.8392,1.4586,1.25
194090.625,24.6875,22360.7,841300.025,27.22,25.915,26.4175,23.465,24.408,24.408,25.875,25.1625,25.927,25.501575,25.6885,30.01975,32.306675,-2.28692,25.351575,25.283225,25.05795,25.170975,25.048325,244.949975,250.49025,-5.54032,25.26955,25.251075,25.056125,106.57875,116.364575,-9.7858125,25.1904,25.142375,196.60285,201.618625,-5.01578,2.46,0.80,0.65,1430.2,1292.2,4.15,0.66,1.25,3.75,376.16375,0.485693425,0.4582628,0.555563775,0.605,37898.5,14.9,0.1935954,-0.295471125,1.225,1143.45,20554.45,5803.89,2079.9,614.942,1.4,1.49,1.6576,1.8492,1.4602,1.25
194090.625,24.6875,22360.7,841300.025,27.22,25.915,26.4175,23.465,24.408,24.408,25.875,25.1625,25.927,25.501575,25.6885,30.01975,32.306675,-2.28692,25.351575,25.283225,25.05795,25.170975,25.048325,244.949975,250.49025,-5.54032,25.26955,25.251075,25.056125,106.57875,116.364575,-9.7858125,25.1904,25.142375,196.60285,201.618625,-5.01578,2.39,0.78,0.66,1433.5,1384.9,4.16,0.66,1.25,3.75,376.16375,0.485693425,0.4582628,0.555563775,0.605,37898.5,14.9,0.1935954,-0.295471125,1.225,1136.5075,20787.67,5851.85,2099.136,619.25,1.4,1.49,1.6746,1.8892,1.4674,1.25
182742.8191,22.97453917,20663.61014,786820.8228,25.10617512,23.76557604,24.43656682,23.64138249,22.71000461,22.71000461,24.03801843,23.55702765,24.16956912,23.76039009,23.94549078,37.70621659,34.50212373,3.20407977,23.6147265,23.54203664,23.33231751,23.4451265,23.33134171,260.9466749,260.328159,0.618417558,23.5288553,23.50752834,23.33569931,110.1144585,119.7000053,-9.585543203,23.45803134,23.42029378,203.6459364,208.3106763,-4.664746129,2.43,0.89,0.75,1439.8,1476.4,4.10,0.65,1.25,3.75,353.7848733,0.381212808,0.392475148,0.515465475,0.572857143,35445.56221,13.93456221,0.203136036,-0.110019741,1.091935484,1140.746,20954.782,5864.668,2089.64,608.495,1.41,1.49,1.68975,1.88525,1.47125,1.25
178203.6968,22.28935484,19984.77419,765029.1419,24.26064516,22.90580645,23.64419355,23.71193548,22.03080645,22.03080645,23.30322581,22.91483871,23.46659677,23.06391613,23.2482871,40.78080323,35.38030323,5.400479677,22.9199871,22.84556129,22.64206452,22.7547871,22.64454839,267.3453548,264.2633226,3.081912581,22.83257742,22.81010968,22.64752903,111.5287419,121.0341774,-9.505435484,22.76508387,22.73146129,206.463171,210.9874968,-4.524332581,2.55,0.99,0.85,1448.1,1352.7,4.21,0.66,1.25,3.75,344.8333226,0.339420561,0.366160087,0.499426155,0.56,34464.3871,13.5483871,0.20695229,-0.035839187,1.038709677,1153.482,20899.2,5844.238,2091.846,606.848,1.42,1.49,1.7766,1.9858,1.51,1.25
178203.6968,22.28935484,19984.77419,765029.1419,24.26064516,22.90580645,23.64419355,23.71193548,22.03080645,22.03080645,23.30322581,22.91483871,23.46659677,23.06391613,23.2482871,40.78080323,35.38030323,5.400479677,22.9199871,22.84556129,22.64206452,22.7547871,22.64454839,267.3453548,264.2633226,3.081912581,22.83257742,22.81010968,22.64752903,111.5287419,121.0341774,-9.505435484,22.76508387,22.73146129,206.463171,210.9874968,-4.524332581,2.55,1.00,0.88,1450.9,1337.6,4.30,0.66,1.25,3.75,344.8333226,0.339420561,0.366160087,0.499426155,0.56,34464.3871,13.5483871,0.20695229,-0.035839187,1.038709677,1144.056,20903.624,5886.882,2139.806,613.106,1.43,1.486,1.7304,1.9418,1.4906,1.25
178203.6968,22.28935484,19984.77419,765029.1419,24.26064516,22.90580645,23.64419355,23.71193548,22.03080645,22.03080645,23.30322581,22.91483871,23.46659677,23.06391613,23.2482871,40.78080323,35.38030323,5.400479677,22.9199871,22.84556129,22.64206452,22.7547871,22.64454839,267.3453548,264.2633226,3.081912581,22.83257742,22.81010968,22.64752903,111.5287419,121.0341774,-9.505435484,22.76508387,22.73146129,206.463171,210.9874968,-4.524332581,2.42,0.96,0.88,1453.0,1424.7,4.23,0.91,1.50,4.00,344.8333226,0.339420561,0.366160087,0.499426155,0.56,34464.3871,13.5483871,0.20695229,-0.035839187,1.038709677,1116.606,20697.694,5832.686,2169.072,608.024,1.43,1.476,1.6694,1.8596,1.4826,1.25
180078.9748,22.48763441,20220.64538,773468.9138,24.54036559,23.15262366,24.00004301,23.62909677,22.23242366,22.23242366,23.52516129,23.17174194,23.71351484,23.30589914,23.49406602,41.12836516,34.73535849,6.392994151,23.14645935,23.06916473,22.85664989,22.97670602,22.86581742,261.1799677,258.5480495,2.631827196,23.04871054,23.02780215,22.86671312,108.4678804,118.8465505,-10.37867077,22.98287419,22.9550114,200.4369602,205.8449482,-5.407989462,2.40,1.00,0.89,1456.2,1539.4,4.14,0.91,1.50,4.00,348.9409828,0.357021238,0.375363119,0.502382514,0.553333333,34834.88602,13.69075269,0.198873318,-0.063236286,1.015268817,1112.736,20660.702,5887.828,2162.164,613.388,1.426,1.458,1.6574,1.8484,1.4766,1.25
184767.17,22.98333333,20810.32333,794568.3433,25.23966667,23.76966667,24.88966667,23.422,22.73646667,22.73646667,24.08,23.814,24.33081,23.91085667,24.10851333,41.99727,33.12299667,8.874280333,23.71264,23.62817333,23.39311333,23.53150333,23.41899,245.7665,244.2598667,1.506613733,23.58904333,23.57203333,23.41467333,100.8157267,113.3774833,-12.561759,23.52735,23.51388667,185.3714333,192.9885767,-7.617131667,2.35,1.01,0.91,1459.7,1616.9,4.10,0.87,1.50,4.00,359.2101333,0.40102293,0.3983707,0.509773413,0.536666667,35761.13333,14.04666667,0.178675887,-0.131729033,0.956666667,1126.388,20661.33,5882.906,2158.788,629.592,1.406,1.45,1.6656,1.8392,1.4636,1.25
184767.17,22.98333333,20810.32333,794568.3433,25.23966667,23.76966667,24.88966667,23.422,22.73646667,22.73646667,24.08,23.814,24.33081,23.91085667,24.10851333,41.99727,33.12299667,8.874280333,23.71264,23.62817333,23.39311333,23.53150333,23.41899,245.7665,244.2598667,1.506613733,23.58904333,23.57203333,23.41467333,100.8157267,113.3774833,-12.561759,23.52735,23.51388667,185.3714333,192.9885767,-7.617131667,2.30,1.02,0.93,1464.2,1339.3,4.08,0.91,1.50,4.00,359.2101333,0.40102293,0.3983707,0.509773413,0.536666667,35761.13333,14.04666667,0.178675887,-0.131729033,0.956666667,1140.29,20588.6075,5847.2525,2133.914,620.922,1.386,1.436,1.6904,1.8824,1.4692,1.25
184767.17,22.98333333,20810.32333,794568.3433,25.23966667,23.76966667,24.88966667,23.422,22.73646667,22.73646667,24.08,23.814,24.33081,23.91085667,24.10851333,41.99727,33.12299667,8.874280333,23.71264,23.62817333,23.39311333,23.53150333,23.41899,245.7665,244.2598667,1.506613733,23.58904333,23.57203333,23.41467333,100.8157267,113.3774833,-12.561759,23.52735,23.51388667,185.3714333,192.9885767,-7.617131667,2.23,0.99,0.91,1464.7,1395.3,3.97,0.91,1.50,4.00,359.2101333,0.40102293,0.3983707,0.509773413,0.536666667,35761.13333,14.04666667,0.178675887,-0.131729033,0.956666667,1138.204,20538.232,5879.318,2149.366,634.19,1.38,1.42,1.6754,1.8454,1.473,1.25
184767.17,22.98333333,20810.32333,794568.3433,25.23966667,23.76966667,24.88966667,23.422,22.73646667,22.73646667,24.08,23.814,24.33081,23.91085667,24.10851333,41.99727,33.12299667,8.874280333,23.71264,23.62817333,23.39311333,23.53150333,23.41899,245.7665,244.2598667,1.506613733,23.58904333,23.57203333,23.41467333,100.8157267,113.3774833,-12.561759,23.52735,23.51388667,185.3714333,192.9885767,-7.617131667,2.31,1.04,0.96,1465.3,1465.6,4.03,0.91,1.50,4.00,359.2101333,0.40102293,0.3983707,0.509773413,0.536666667,35761.13333,14.04666667,0.178675887,-0.131729033,0.956666667,1132.544,20931.388,6026.218,2198.666,630.73,1.386,1.414,1.6816,1.8686,1.4802,1.25
178629.7935,22.18096774,20384.09032,771427.1419,24.13419355,22.67774194,23.85645161,21.92806452,22.02651613,22.02651613,23.32580645,23.02548387,23.57473548,23.15697097,23.34576774,43.13221613,33.92069032,9.211532581,22.97998387,22.89176129,22.64935806,22.77994194,22.68180645,257.6036129,261.5545484,-3.950982903,22.83887742,22.80970323,22.66952258,105.3062387,120.1704677,-14.8642471,22.78445806,22.77129355,196.5769129,209.2719323,-12.69502613,2.33,1.07,0.98,1468.3,1527.0,4.02,0.88,1.50,4.00,349.5851935,0.353343358,0.366775026,0.492091306,0.519354839,34640.29032,13.59354839,0.175318116,-0.091682929,0.925806452,1133.194,20955.932,6087.124,2230.455,630.77,1.38,1.41,1.6855,1.889,1.466,1.25
178629.7935,22.18096774,20384.09032,771427.1419,24.13419355,22.67774194,23.85645161,21.92806452,22.02651613,22.02651613,23.32580645,23.02548387,23.57473548,23.15697097,23.34576774,43.13221613,33.92069032,9.211532581,22.97998387,22.89176129,22.64935806,22.77994194,22.68180645,257.6036129,261.5545484,-3.950982903,22.83887742,22.80970323,22.66952258,105.3062387,120.1704677,-14.8642471,22.78445806,22.77129355,196.5769129,209.2719323,-12.69502613,2.39,1.10,1.01,1472.7,1358.7,4.05,0.91,1.50,4.00,349.5851935,0.353343358,0.366775026,0.492091306,0.519354839,34640.29032,13.59354839,0.175318116,-0.091682929,0.925806452,1129.814,20949.44,6117.916,2286.3175,644.345,1.37,1.405,1.71925,1.938,1.4685,1.25
178629.7935,22.18096774,20384.09032,771427.1419,24.13419355,22.67774194,23.85645161,21.92806452,22.02651613,22.02651613,23.32580645,23.02548387,23.57473548,23.15697097,23.34576774,43.13221613,33.92069032,9.211532581,22.97998387,22.89176129,22.64935806,22.77994194,22.68180645,257.6036129,261.5545484,-3.950982903,22.83887742,22.80970323,22.66952258,105.3062387,120.1704677,-14.8642471,22.78445806,22.77129355,196.5769129,209.2719323,-12.69502613,2.27,1.07,1.00,1472.8,1394.5,4.02,0.91,1.50,4.00,349.5851935,0.353343358,0.366775026,0.492091306,0.519354839,34640.29032,13.59354839,0.175318116,-0.091682929,0.925806452,1118.912,20807.296,6093.922,2290.872,641.014,1.352,1.394,1.693,1.9114,1.4556,1.25
178629.7935,22.18096774,20384.09032,771427.1419,24.13419355,22.67774194,23.85645161,21.92806452,22.02651613,22.02651613,23.32580645,23.02548387,23.57473548,23.15697097,23.34576774,43.13221613,33.92069032,9.211532581,22.97998387,22.89176129,22.64935806,22.77994194,22.68180645,257.6036129,261.5545484,-3.950982903,22.83887742,22.80970323,22.66952258,105.3062387,120.1704677,-14.8642471,22.78445806,22.77129355,196.5769129,209.2719323,-12.69502613,2.26,1.12,1.05,1473.5,1487.0,3.95,0.91,1.50,4.00,349.5851935,0.353343358,0.366775026,0.492091306,0.519354839,34640.29032,13.59354839,0.175318116,-0.091682929,0.925806452,1120.188,21001.678,6170.16,2326.268,644.484,1.35,1.382,1.682,1.898,1.4596,1.25
183074.3191,22.5527957,20766.55871,789323.7523,24.55922581,22.94836559,24.32286022,22.95107527,22.41833548,22.41833548,23.74344086,23.47739785,24.03861806,23.60606946,23.79474237,44.69735548,35.04921204,9.648141011,23.43880452,23.34752817,23.10000108,23.21748559,23.12484086,265.0600817,264.8896065,0.170558946,23.29113032,23.2402271,23.10737634,108.6459118,122.265309,-13.61939561,23.23828774,23.20829914,202.4026484,212.2880643,-9.885424151,2.20,1.13,1.05,1476.8,1583.7,3.94,0.90,1.50,4.00,357.1835591,0.279257908,0.32850079,0.494499248,0.514580645,35390.63871,13.87913978,0.173284522,0.051949343,0.996774194,1120.1975,21097.1475,6238.585,2352.072,651.338,1.35,1.38,1.6532,1.8692,1.4582,1.25
186407.7133,22.83166667,21053.41,802746.21,24.878,23.15133333,24.67266667,23.71833333,22.7122,22.7122,24.05666667,23.81633333,24.38653,23.94289333,24.13147333,45.87121,35.89560333,9.975597333,23.78292,23.68935333,23.43798333,23.54564333,23.45711667,270.6524333,267.3909,3.261715333,23.63032,23.56312,23.43576667,111.1506667,123.83644,-12.685757,23.57866,23.53605333,206.77195,214.5501633,-7.778222667,2.18,1.15,1.07,1478.4,1452.4,3.89,0.91,1.50,4.00,362.8823333,0.22369382,0.299795113,0.496305203,0.511,35953.4,14.09333333,0.171759327,0.159673547,1.05,1121.474,21189.692,6279.56,2368.505,668.225,1.35,1.38,1.62825,1.83975,1.45025,1.25
186407.7133,22.83166667,21053.41,802746.21,24.878,23.15133333,24.67266667,23.71833333,22.7122,22.7122,24.05666667,23.81633333,24.38653,23.94289333,24.13147333,45.87121,35.89560333,9.975597333,23.78292,23.68935333,23.43798333,23.54564333,23.45711667,270.6524333,267.3909,3.261715333,23.63032,23.56312,23.43576667,111.1506667,123.83644,-12.685757,23.57866,23.53605333,206.77195,214.5501633,-7.778222667,2.18,1.17,1.10,1478.9,1357.2,3.91,0.91,1.50,4.00,362.8823333,0.22369382,0.299795113,0.496305203,0.511,35953.4,14.09333333,0.171759327,0.159673547,1.05,1127.58,21336.576,6181.596,2365.738,669.24,1.358,1.38,1.6832,1.874,1.4642,1.25
186407.7133,22.83166667,21053.41,802746.21,24.878,23.15133333,24.67266667,23.71833333,22.7122,22.7122,24.05666667,23.81633333,24.38653,23.94289333,24.13147333,45.87121,35.89560333,9.975597333,23.78292,23.68935333,23.43798333,23.54564333,23.45711667,270.6524333,267.3909,3.261715333,23.63032,23.56312,23.43576667,111.1506667,123.83644,-12.685757,23.57866,23.53605333,206.77195,214.5501633,-7.778222667,2.16,1.19,1.10,1479.8,1432.7,3.90,1.16,1.75,4.25,362.8823333,0.22369382,0.299795113,0.496305203,0.511,35953.4,14.09333333,0.171759327,0.159673547,1.05,1139.006,21439.642,6232.586,2369.326,668.566,1.364,1.38,1.6898,1.8576,1.4636,1.25
185074.3925,22.62575269,20890.86613,796265.221,24.72612903,22.97021505,24.5988172,23.41263441,22.51325806,22.51325806,23.82849462,23.5677957,24.16863387,23.71946667,23.90852796,45.25555,35.11560699,10.13993376,23.57270968,23.47837957,23.23224247,23.33353602,23.24622527,264.7752957,263.2997581,1.475675376,23.42032258,23.34603226,23.22294946,108.8186043,121.8064839,-12.98786145,23.3698871,23.32116344,201.8873016,211.0029747,-9.11567914,2.23,1.19,1.11,1480.5,1583.9,3.88,1.16,1.75,4.25,360.0140538,0.270243203,0.323837238,0.495121904,0.514677419,35646.80645,13.96989247,0.169460466,0.085363308,1.046774194,1139.996,21362.296,6182.59,2390.124,668.784,1.376,1.38,1.6952,1.8832,1.4694,1.25
181741.0903,22.11096774,20484.50645,780062.7484,24.34645161,22.51741935,24.41419355,22.6483871,22.01590323,22.01590323,23.25806452,22.94645161,23.62389355,23.1609,23.35116452,43.7164,33.16561613,10.55077484,23.04718387,22.95094516,22.71789032,22.80326774,22.71899677,250.0824516,253.0719032,-2.989424516,22.89532903,22.8033129,22.69090645,102.9884484,116.7315935,-13.74312258,22.84795484,22.78393871,189.6756806,202.1350032,-12.45932032,2.36,1.20,1.12,1483.9,1638.8,3.96,1.12,1.75,4.25,352.8433548,0.386616661,0.383942548,0.492163655,0.523870968,34880.32258,13.66129032,0.163713313,-0.10041229,1.038709677,1153.18,21422.955,6125.865,2386.206,661.252,1.378,1.384,1.7464,1.9596,1.471,1.25
181741.0903,22.11096774,20484.50645,780062.7484,24.34645161,22.51741935,24.41419355,22.6483871,22.01590323,22.01590323,23.25806452,22.94645161,23.62389355,23.1609,23.35116452,43.7164,33.16561613,10.55077484,23.04718387,22.95094516,22.71789032,22.80326774,22.71899677,250.0824516,253.0719032,-2.989424516,22.89532903,22.8033129,22.69090645,102.9884484,116.7315935,-13.74312258,22.84795484,22.78393871,189.6756806,202.1350032,-12.45932032,2.35,1.18,1.11,1486.5,1391.1,4.03,1.16,1.75,4.25,352.8433548,0.386616661,0.383942548,0.492163655,0.523870968,34880.32258,13.66129032,0.163713313,-0.10041229,1.038709677,1140.502,21508.112,6243.554,2398.798,654.354,1.37,1.39,1.755,1.9538,1.4616,1.25
181741.0903,22.11096774,20484.50645,780062.7484,24.34645161,22.51741935,24.41419355,22.6483871,22.01590323,22.01590323,23.25806452,22.94645161,23.62389355,23.1609,23.35116452,43.7164,33.16561613,10.55077484,23.04718387,22.95094516,22.71789032,22.80326774,22.71899677,250.0824516,253.0719032,-2.989424516,22.89532903,22.8033129,22.69090645,102.9884484,116.7315935,-13.74312258,22.84795484,22.78393871,189.6756806,202.1350032,-12.45932032,2.27,1.18,1.09,1484.8,1391.7,3.96,1.16,1.75,4.25,352.8433548,0.386616661,0.383942548,0.492163655,0.523870968,34880.32258,13.66129032,0.163713313,-0.10041229,1.038709677,1122.518,21607.41,6364.306,2434.596,669.71,1.37,1.39,1.7416,1.9404,1.4512,1.25
181741.0903,22.11096774,20484.50645,780062.7484,24.34645161,22.51741935,24.41419355,22.6483871,22.01590323,22.01590323,23.25806452,22.94645161,23.62389355,23.1609,23.35116452,43.7164,33.16561613,10.55077484,23.04718387,22.95094516,22.71789032,22.80326774,22.71899677,250.0824516,253.0719032,-2.989424516,22.89532903,22.8033129,22.69090645,102.9884484,116.7315935,-13.74312258,22.84795484,22.78393871,189.6756806,202.1350032,-12.45932032,2.30,1.20,1.11,1484.9,1509.6,3.92,1.16,1.75,4.25,352.8433548,0.386616661,0.383942548,0.492163655,0.523870968,34880.32258,13.66129032,0.163713313,-0.10041229,1.038709677,1117.048,21692.894,6400.52,2434.034,666.888,1.37,1.39,1.7186,1.9158,1.4388,1.25
181789.4581,22.19806452,20596.99677,783445.5677,24.46451613,22.81935484,24.50516129,23.14774194,22.12409677,22.12409677,23.35483871,22.99677419,23.67216452,23.21797742,23.40464194,44.8276,35.20695161,9.620660645,23.0710871,22.96913871,22.75559355,22.83262903,22.7342871,253.3307742,258.9459032,-5.61512129,22.92484516,22.81637742,22.70366129,101.718229,117.3703032,-15.65206903,22.87609677,22.79615161,189.922029,205.3876613,-15.46562226,2.27,1.20,1.12,1486.3,1649.0,3.93,1.15,1.75,4.25,353.3651613,0.375007397,0.375143684,0.4881465,0.502580645,34707.29032,13.58387097,0.153231526,-0.086081619,1.019354839,1124.05,21998.038,6353.122,2407.12,649.156,1.368,1.39,1.7332,1.9454,1.431,1.25
181797.5194,22.21258065,20615.74516,784009.371,24.48419355,22.86967742,24.52032258,23.23096774,22.14212903,22.14212903,23.37096774,23.00516129,23.68020968,23.22749032,23.41355484,45.0128,35.54717419,9.465641613,23.07507097,22.97217097,22.76187742,22.83752258,22.73683548,253.8721613,259.9249032,-6.052737419,22.92976452,22.81855484,22.7057871,101.5065258,117.4767548,-15.97022677,22.8807871,22.7981871,189.9630871,205.929771,-15.96667258,2.24,1.19,1.13,1490.6,1412.1,3.90,1.16,1.75,4.25,353.452129,0.373072519,0.373677206,0.487476974,0.499032258,34678.45161,13.57096774,0.151484561,-0.083693174,1.016129032,1135.522,21990.958,6315.998,2368.21,642.262,1.36,1.39,1.8076,2.01,1.4624,1.25
181797.5194,22.21258065,20615.74516,784009.371,24.48419355,22.86967742,24.52032258,23.23096774,22.14212903,22.14212903,23.37096774,23.00516129,23.68020968,23.22749032,23.41355484,45.0128,35.54717419,9.465641613,23.07507097,22.97217097,22.76187742,22.83752258,22.73683548,253.8721613,259.9249032,-6.052737419,22.92976452,22.81855484,22.7057871,101.5065258,117.4767548,-15.97022677,22.8807871,22.7981871,189.9630871,205.929771,-15.96667258,2.22,1.20,1.11,1490.4,1415.4,3.89,1.16,1.75,4.25,353.452129,0.373072519,0.373677206,0.487476974,0.499032258,34678.45161,13.57096774,0.151484561,-0.083693174,1.016129032,1137.7,21888.562,6291.358,2350.63,637.4925,1.36,1.39,1.80025,2.01,1.489,1.25
181797.5194,22.21258065,20615.74516,784009.371,24.48419355,22.86967742,24.52032258,23.23096774,22.14212903,22.14212903,23.37096774,23.00516129,23.68020968,23.22749032,23.41355484,45.0128,35.54717419,9.465641613,23.07507097,22.97217097,22.76187742,22.83752258,22.73683548,253.8721613,259.9249032,-6.052737419,22.92976452,22.81855484,22.7057871,101.5065258,117.4767548,-15.97022677,22.8807871,22.7981871,189.9630871,205.929771,-15.96667258,2.19,1.20,1.09,1490.4,1542.0,3.86,1.16,1.75,4.25,353.452129,0.373072519,0.373677206,0.487476974,0.499032258,34678.45161,13.57096774,0.151484561,-0.083693174,1.016129032,1129.41,21802.56,6265.198,2368.216,645.36,1.36,1.39,1.788,1.9934,1.4882,1.25
184974.7768,22.59590323,21095.19581,796364.0548,24.95896774,23.3753871,24.7946129,24.92983871,22.46984516,22.46984516,23.76483871,23.37480645,24.05551839,23.59472161,23.78144419,45.54472,37.27524097,8.269485065,23.42242484,23.31141484,23.1027371,23.1876529,23.06821742,265.0674065,268.0420161,-2.974629197,23.26897258,23.15373419,23.03782548,106.972509,121.0462242,-14.07370987,23.22006548,23.13137548,199.9029455,212.3342548,-12.4313039,2.14,1.20,1.09,1490.9,1641.0,3.82,1.16,1.75,4.25,359.8021452,0.418964537,0.399615982,0.494871021,0.50516129,35265.65806,13.80483871,0.143083866,-0.149530431,0.990645161,1120.756,21900.372,6363.442,2365.642,656.34,1.35,1.382,1.7552,1.966,1.4796,1.25
189211.12,23.107,21734.46333,812836.9667,25.592,24.04966667,25.16033333,27.195,22.9068,22.9068,24.29,23.86766667,24.55593,24.08436333,24.27196333,46.25394667,39.57933,6.674609667,23.88556333,23.76374,23.55721667,23.65449333,23.51006,279.9944,278.8648333,1.1295151,23.72125,23.60064,23.48054333,114.2604867,125.8055167,-11.54502067,23.67243667,23.57562667,213.15609,220.8735667,-7.717479,2.07,1.20,1.13,1495.6,1545.3,3.78,1.15,1.75,4.25,368.2688333,0.480153893,0.434201017,0.50472975,0.513333333,36048.6,14.11666667,0.13188294,-0.23731344,0.956666667,1130.2675,21785.88,6381.735,2333.2,653,1.346,1.38,1.7754,1.9816,1.4756,1.25
189211.12,23.107,21734.46333,812836.9667,25.592,24.04966667,25.16033333,27.195,22.9068,22.9068,24.29,23.86766667,24.55593,24.08436333,24.27196333,46.25394667,39.57933,6.674609667,23.88556333,23.76374,23.55721667,23.65449333,23.51006,279.9944,278.8648333,1.1295151,23.72125,23.60064,23.48054333,114.2604867,125.8055167,-11.54502067,23.67243667,23.57562667,213.15609,220.8735667,-7.717479,2.18,1.24,1.14,1498.2,1386.9,3.78,1.16,1.75,4.25,368.2688333,0.480153893,0.434201017,0.50472975,0.513333333,36048.6,14.11666667,0.13188294,-0.23731344,0.956666667,1129.79,22161.246,6444.856,2369.692,662.476,1.34,1.38,1.7466,1.9504,1.4712,1.25
189211.12,23.107,21734.46333,812836.9667,25.592,24.04966667,25.16033333,27.195,22.9068,22.9068,24.29,23.86766667,24.55593,24.08436333,24.27196333,46.25394667,39.57933,6.674609667,23.88556333,23.76374,23.55721667,23.65449333,23.51006,279.9944,278.8648333,1.1295151,23.72125,23.60064,23.48054333,114.2604867,125.8055167,-11.54502067,23.67243667,23.57562667,213.15609,220.8735667,-7.717479,2.26,1.28,1.17,1499.0,1416.4,3.83,1.16,1.75,4.25,368.2688333,0.480153893,0.434201017,0.50472975,0.513333333,36048.6,14.11666667,0.13188294,-0.23731344,0.956666667,1128.538,22364.712,6444.322,2408.334,665.692,1.348,1.38,1.7704,1.9766,1.4842,1.25
188854.8987,23.00406452,21731.44968,809655.6129,25.49245161,23.95754839,25.01567742,26.37645161,22.79817419,22.79817419,24.18129032,23.75929032,24.44894,23.9717529,24.16443355,45.74235935,38.78948516,6.952869484,23.78092387,23.65902323,23.44945484,23.55330903,23.40318323,278.4882968,278.1627742,0.325445477,23.61236129,23.49603613,23.37483161,113.8709439,125.9283097,-12.05735716,23.56465032,23.46983484,212.3519458,220.9238097,-8.571862,2.28,1.28,1.17,1500.5,1517.3,3.83,1.16,1.75,4.25,366.7320323,0.47455078,0.431445658,0.503580345,0.516129032,35873.73548,14.04516129,0.136563278,-0.230439146,0.945806452,1140.03,22341.482,6430.684,2378.98,646.918,1.36,1.38,1.8562,2.0538,1.5236,1.25
186717.571,22.38645161,21713.36774,790567.4903,24.89516129,23.40483871,24.14774194,21.46516129,22.14641935,22.14641935,23.52903226,23.10903226,23.807,23.29609032,23.51925484,42.67283548,34.05041613,8.622428387,23.1530871,23.03072258,22.80288387,22.94620323,22.76192258,269.4516774,273.9504194,-4.498972258,22.95902903,22.8684129,22.74056129,111.5336871,126.6650677,-15.13137613,22.91793226,22.83508387,207.5270806,221.2252677,-13.69816,2.34,1.29,1.19,1503.1,1609.2,3.85,1.12,1.75,4.25,357.5112258,0.4409321,0.414913506,0.496683916,0.532903226,34824.54839,13.61612903,0.164645306,-0.189193381,0.880645161,1141.922,22681.994,6551.72,2460.0875,661.63,1.385,1.38,1.92075,2.12625,1.562,1.25
186717.571,22.38645161,21713.36774,790567.4903,24.89516129,23.40483871,24.14774194,21.46516129,22.14641935,22.14641935,23.52903226,23.10903226,23.807,23.29609032,23.51925484,42.67283548,34.05041613,8.622428387,23.1530871,23.03072258,22.80288387,22.94620323,22.76192258,269.4516774,273.9504194,-4.498972258,22.95902903,22.8684129,22.74056129,111.5336871,126.6650677,-15.13137613,22.91793226,22.83508387,207.5270806,221.2252677,-13.69816,2.33,1.38,1.24,1507.6,1423.6,3.91,1.16,1.75,4.25,357.5112258,0.4409321,0.414913506,0.496683916,0.532903226,34824.54839,13.61612903,0.164645306,-0.189193381,0.880645161,1129.46,22854.075,6597.0275,2481.986,667.678,1.396,1.38,1.9806,2.1848,1.6166,1.25
186717.571,22.38645161,21713.36774,790567.4903,24.89516129,23.40483871,24.14774194,21.46516129,22.14641935,22.14641935,23.52903226,23.10903226,23.807,23.29609032,23.51925484,42.67283548,34.05041613,8.622428387,23.1530871,23.03072258,22.80288387,22.94620323,22.76192258,269.4516774,273.9504194,-4.498972258,22.95902903,22.8684129,22.74056129,111.5336871,126.6650677,-15.13137613,22.91793226,22.83508387,207.5270806,221.2252677,-13.69816,2.33,1.38,1.23,1506.8,1427.9,3.88,1.16,1.75,4.25,357.5112258,0.4409321,0.414913506,0.496683916,0.532903226,34824.54839,13.61612903,0.164645306,-0.189193381,0.880645161,1129.654,23120.734,6621.2,2490.06,684.558,1.428,1.384,2.1058,2.3458,1.708,1.25
186717.571,22.38645161,21713.36774,790567.4903,24.89516129,23.40483871,24.14774194,21.46516129,22.14641935,22.14641935,23.52903226,23.10903226,23.807,23.29609032,23.51925484,42.67283548,34.05041613,8.622428387,23.1530871,23.03072258,22.80288387,22.94620323,22.76192258,269.4516774,273.9504194,-4.498972258,22.95902903,22.8684129,22.74056129,111.5336871,126.6650677,-15.13137613,22.91793226,22.83508387,207.5270806,221.2252677,-13.69816,2.42,1.39,1.25,1508.0,1527.5,3.94,1.16,1.75,4.25,357.5112258,0.4409321,0.414913506,0.496683916,0.532903226,34824.54839,13.61612903,0.164645306,-0.189193381,0.880645161,1126.474,23376.046,6601.436,2537.232,695.148,1.46,1.4,2.14,2.3754,1.7536,1.25
189618.6274,22.9027957,22084.16935,812732.9425,25.20123656,23.92043011,24.67935484,24.52123656,22.55204839,22.55204839,24.08924731,23.62424731,24.39408333,23.85550914,24.10017043,48.42257204,39.25667366,9.165895968,23.72215108,23.60210645,23.34262634,23.5089414,23.30727312,285.9225269,288.2607151,-2.338156812,23.50812258,23.42038226,23.29313656,116.4281677,131.3744527,-14.94627866,23.46681398,23.38304301,217.3185849,229.9342194,-12.61556167,2.36,1.41,1.26,1508.6,1651.7,3.94,1.15,1.75,4.25,367.5012312,0.4708431,0.436941799,0.51131849,0.543924731,35646.53763,13.92365591,0.172406599,-0.218029002,0.901612903,1115.38,23443.288,6724.508,2548.154,708.954,1.51,1.4,2.148,2.3612,1.7468,1.25
190779.05,23.10933333,22232.49,821599.1233,25.32366667,24.12666667,24.892,25.74366667,22.7143,22.7143,24.31333333,23.83033333,24.62891667,24.07927667,24.33253667,50.72246667,41.33917667,9.383283,23.94977667,23.83066,23.55852333,23.73403667,23.52541333,292.5108667,293.9848333,-1.473830633,23.72776,23.64117,23.51416667,118.38596,133.2582067,-14.87223967,23.68636667,23.60222667,221.2351867,233.4178,-12.18252233,2.34,1.48,1.32,1512.5,1462.0,3.90,1.16,1.75,4.25,371.4972333,0.4828075,0.445753117,0.51717232,0.548333333,35975.33333,14.04666667,0.175511117,-0.22956325,0.91,1113.115,23532.7375,6773.3475,2528.804,764.388,1.576,1.43,2.1826,2.388,1.793,1.25
190779.05,23.10933333,22232.49,821599.1233,25.32366667,24.12666667,24.892,25.74366667,22.7143,22.7143,24.31333333,23.83033333,24.62891667,24.07927667,24.33253667,50.72246667,41.33917667,9.383283,23.94977667,23.83066,23.55852333,23.73403667,23.52541333,292.5108667,293.9848333,-1.473830633,23.72776,23.64117,23.51416667,118.38596,133.2582067,-14.87223967,23.68636667,23.60222667,221.2351867,233.4178,-12.18252233,2.37,1.53,1.37,1512.9,1399.6,3.95,1.16,1.75,4.25,371.4972333,0.4828075,0.445753117,0.51717232,0.548333333,35975.33333,14.04666667,0.175511117,-0.22956325,0.91,1105.03,23387.41,6755.552,2536.072,789.028,1.612,1.48,2.157,2.3488,1.8088,1.25
190779.05,23.10933333,22232.49,821599.1233,25.32366667,24.12666667,24.892,25.74366667,22.7143,22.7143,24.31333333,23.83033333,24.62891667,24.07927667,24.33253667,50.72246667,41.33917667,9.383283,23.94977667,23.83066,23.55852333,23.73403667,23.52541333,292.5108667,293.9848333,-1.473830633,23.72776,23.64117,23.51416667,118.38596,133.2582067,-14.87223967,23.68636667,23.60222667,221.2351867,233.4178,-12.18252233,2.35,1.57,1.42,1514.4,1485.7,3.92,1.16,1.75,4.25,371.4972333,0.4828075,0.445753117,0.51717232,0.548333333,35975.33333,14.04666667,0.175511117,-0.22956325,0.91,1087.375,23526.3325,6852.4275,2497.336,781.352,1.65,1.562,2.108,2.2992,1.8148,1.35
189339.5387,22.79468817,21982.30258,812216.1682,24.81486022,23.72344086,24.33206452,24.65131183,22.43424516,22.43424516,24.00623656,23.53475269,24.30244731,23.75575118,24.01131634,51.41617634,40.7622286,10.65394277,23.62247699,23.50930387,23.22711978,23.40910022,23.19970301,284.5546473,284.1352688,0.419465905,23.40452645,23.31325935,23.19400215,114.3755619,127.6532112,-13.27764622,23.36101505,23.27521247,212.4005905,223.7264452,-11.32579682,2.36,1.57,1.41,1518.8,1608.4,3.90,1.16,1.75,4.25,367.5625849,0.549187561,0.477867883,0.513024108,0.545591398,35422.04301,13.83311828,0.155748441,-0.403800255,0.897419355,1082.942,23972.422,6867.366,2482.428,764.496,1.668,1.66,2.0934,2.2822,1.8148,1.5
187420.1903,22.37516129,21648.71935,799705.5613,24.13645161,23.18580645,23.58548387,23.19483871,22.06083871,22.06083871,23.59677419,23.14064516,23.86715484,23.32438387,23.58302258,52.34112258,39.99296452,12.34815581,23.18607742,23.08082903,22.78524839,22.97585161,22.76542258,273.9463548,271.0025161,2.94386129,22.97354839,22.87604516,22.76711613,109.0283645,120.1798839,-11.15152161,22.9272129,22.83919355,200.621129,210.8046387,-10.18349613,2.36,1.62,1.44,1517.3,1564.1,3.94,1.15,1.75,4.25,362.3163871,0.63769431,0.520687571,0.507493158,0.541935484,34684.32258,13.5483871,0.129398206,-0.636116261,0.880645161,1089.294,24230.448,6793.376,2472.918,767.776,1.662,1.66,2.08,2.2774,1.816,1.5
187420.1903,22.37516129,21648.71935,799705.5613,24.13645161,23.18580645,23.58548387,23.19483871,22.06083871,22.06083871,23.59677419,23.14064516,23.86715484,23.32438387,23.58302258,52.34112258,39.99296452,12.34815581,23.18607742,23.08082903,22.78524839,22.97585161,22.76542258,273.9463548,271.0025161,2.94386129,22.97354839,22.87604516,22.76711613,109.0283645,120.1798839,-11.15152161,22.9272129,22.83919355,200.621129,210.8046387,-10.18349613,2.37,1.65,1.45,1522.0,1412.6,3.93,1.16,1.75,4.25,362.3163871,0.63769431,0.520687571,0.507493158,0.541935484,34684.32258,13.5483871,0.129398206,-0.636116261,0.880645161,1088.922,24527.332,6881.262,2460.63,758.694,1.674,1.66,2.0998,2.3018,1.8434,1.5
187420.1903,22.37516129,21648.71935,799705.5613,24.13645161,23.18580645,23.58548387,23.19483871,22.06083871,22.06083871,23.59677419,23.14064516,23.86715484,23.32438387,23.58302258,52.34112258,39.99296452,12.34815581,23.18607742,23.08082903,22.78524839,22.97585161,22.76542258,273.9463548,271.0025161,2.94386129,22.97354839,22.87604516,22.76711613,109.0283645,120.1798839,-11.15152161,22.9272129,22.83919355,200.621129,210.8046387,-10.18349613,2.46,1.67,1.49,1525.2,1479.1,3.94,1.41,2.00,4.50,362.3163871,0.63769431,0.520687571,0.507493158,0.541935484,34684.32258,13.5483871,0.129398206,-0.636116261,0.880645161,1080.332,24761.99,6968.978,2443.833333,784.1933333,1.695,1.66,2.137,2.344,1.87025,1.5
187420.1903,22.37516129,21648.71935,799705.5613,24.13645161,23.18580645,23.58548387,23.19483871,22.06083871,22.06083871,23.59677419,23.14064516,23.86715484,23.32438387,23.58302258,52.34112258,39.99296452,12.34815581,23.18607742,23.08082903,22.78524839,22.97585161,22.76542258,273.9463548,271.0025161,2.94386129,22.97354839,22.87604516,22.76711613,109.0283645,120.1798839,-11.15152161,22.9272129,22.83919355,200.621129,210.8046387,-10.18349613,2.43,1.70,1.50,1533.7,1597.5,3.99,1.42,2.00,4.50,362.3163871,0.63769431,0.520687571,0.507493158,0.541935484,34684.32258,13.5483871,0.129398206,-0.636116261,0.880645161,1070.735,24769.31,6932.285,2482.495,817.7,1.6775,1.66,2.12175,2.346,1.83325,1.5
187584.8032,22.46774194,21797.86452,806835.8065,24.08225806,23.37548387,23.53129032,23.05935484,22.15296774,22.15296774,23.75483871,22.93064516,23.95013871,23.38697742,23.63726129,45.27225161,40.67729355,4.594962581,23.17340968,23.0725871,22.76521935,22.97740968,22.75959677,269.2482258,285.2016774,-15.95352839,22.97515161,22.87613548,22.77447742,107.3779677,128.4486903,-21.07073613,22.92795806,22.83908065,204.8427161,225.8929355,-21.05012452,2.46,1.77,1.57,1534.0,1658.3,3.95,1.37,2.00,4.50,363.8511935,0.43013731,0.418946726,0.506328923,0.582580645,34514.06452,13.43548387,0.197306968,-0.17551161,1.016129032,1061.0175,25029.4225,7071.725,2501.518,845.994,1.646,1.66,2.1564,2.4054,1.8362,1.5
187584.8032,22.46774194,21797.86452,806835.8065,24.08225806,23.37548387,23.53129032,23.05935484,22.15296774,22.15296774,23.75483871,22.93064516,23.95013871,23.38697742,23.63726129,45.27225161,40.67729355,4.594962581,23.17340968,23.0725871,22.76521935,22.97740968,22.75959677,269.2482258,285.2016774,-15.95352839,22.97515161,22.87613548,22.77447742,107.3779677,128.4486903,-21.07073613,22.92795806,22.83908065,204.8427161,225.8929355,-21.05012452,2.54,1.73,1.56,1530.2,1463.4,3.99,1.42,2.00,4.50,363.8511935,0.43013731,0.418946726,0.506328923,0.582580645,34514.06452,13.43548387,0.197306968,-0.17551161,1.016129032,1065.474,25483.17,7189.476,2515.394,891.52,1.64,1.654,2.2034,2.4586,1.8402,1.5
187584.8032,22.46774194,21797.86452,806835.8065,24.08225806,23.37548387,23.53129032,23.05935484,22.15296774,22.15296774,23.75483871,22.93064516,23.95013871,23.38697742,23.63726129,45.27225161,40.67729355,4.594962581,23.17340968,23.0725871,22.76521935,22.97740968,22.75959677,269.2482258,285.2016774,-15.95352839,22.97515161,22.87613548,22.77447742,107.3779677,128.4486903,-21.07073613,22.92795806,22.83908065,204.8427161,225.8929355,-21.05012452,2.59,1.73,1.60,1528.1,1443.8,4.04,1.42,2.00,4.50,363.8511935,0.43013731,0.418946726,0.506328923,0.582580645,34514.06452,13.43548387,0.197306968,-0.17551161,1.016129032,1066.5175,25999.51,7288.6,2542.74,894.802,1.64,1.65,2.2058,2.4706,1.826,1.5
187584.8032,22.46774194,21797.86452,806835.8065,24.08225806,23.37548387,23.53129032,23.05935484,22.15296774,22.15296774,23.75483871,22.93064516,23.95013871,23.38697742,23.63726129,45.27225161,40.67729355,4.594962581,23.17340968,23.0725871,22.76521935,22.97740968,22.75959677,269.2482258,285.2016774,-15.95352839,22.97515161,22.87613548,22.77447742,107.3779677,128.4486903,-21.07073613,22.92795806,22.83908065,204.8427161,225.8929355,-21.05012452,2.65,1.73,1.61,1527.6,1488.8,4.15,1.42,2.00,4.50,363.8511935,0.43013731,0.418946726,0.506328923,0.582580645,34514.06452,13.43548387,0.197306968,-0.17551161,1.016129032,1065.546,26337.406,7440.062,2565.264,913.85,1.64,1.65,2.2716,2.5588,1.8582,1.5
200329.9585,23.90331797,23596.01336,859538.3885,25.74239631,24.8737788,24.65341014,22.68258065,23.61627189,23.61627189,25.39493088,24.36599078,25.48233088,24.86824747,25.13482627,43.91902212,37.12809724,6.79092682,24.57113272,24.46622304,24.14782258,24.38590415,24.1466129,280.2679539,287.7457189,-7.47777988,24.37385069,24.28287235,24.17119032,114.8511862,131.5360959,-16.68491263,24.3272106,24.23982028,216.4764355,231.3662009,-14.88971908,2.75,1.82,1.62,1528.1,1598.0,4.22,1.41,2.00,4.50,386.8335115,0.489778976,0.469583297,0.547151124,0.658248848,36849.31336,14.3437788,0.240055743,-0.193869547,1.0640553,1073.752,26074.686,7381.456,2422.602,850.178,1.64,1.65,2.2676,2.5192,1.8426,1.5
209888.825,24.98,24944.625,899065.325,26.9875,25.9975,25.495,22.4,24.71375,24.71375,26.625,25.4425,26.631475,25.9792,26.258,42.9041,34.4662,8.4379,25.619425,25.51145,25.184775,25.442275,25.186875,288.53275,289.65375,-1.1209685,25.422875,25.337925,25.218725,120.4561,133.85165,-13.395545,25.37665,25.290375,225.201725,235.47115,-10.269415,2.82,1.83,1.67,1532.4,1467.8,4.32,1.42,2.00,4.50,404.07025,0.534510225,0.507560725,0.577767775,0.715,38600.75,15.025,0.272117325,-0.207638,1.1,1086.316,24440.646,6957.408,2400.8,840.22,1.64,1.65,2.281666667,2.546,1.861666667,1.5
209888.825,24.98,24944.625,899065.325,26.9875,25.9975,25.495,22.4,24.71375,24.71375,26.625,25.4425,26.631475,25.9792,26.258,42.9041,34.4662,8.4379,25.619425,25.51145,25.184775,25.442275,25.186875,288.53275,289.65375,-1.1209685,25.422875,25.337925,25.218725,120.4561,133.85165,-13.395545,25.37665,25.290375,225.201725,235.47115,-10.269415,2.87,1.91,1.78,1534.8,1345.6,4.38,1.42,2.00,4.50,404.07025,0.534510225,0.507560725,0.577767775,0.715,38600.75,15.025,0.272117325,-0.207638,1.1,1074.602,24910.992,7126.998,2430.678,872.16,1.64,1.65,2.3024,2.5604,1.8696,1.5
209888.825,24.98,24944.625,899065.325,26.9875,25.9975,25.495,22.4,24.71375,24.71375,26.625,25.4425,26.631475,25.9792,26.258,42.9041,34.4662,8.4379,25.619425,25.51145,25.184775,25.442275,25.186875,288.53275,289.65375,-1.1209685,25.422875,25.337925,25.218725,120.4561,133.85165,-13.395545,25.37665,25.290375,225.201725,235.47115,-10.269415,2.91,1.95,1.81,1537.9,1413.5,4.40,1.42,2.00,4.50,404.07025,0.534510225,0.507560725,0.577767775,0.715,38600.75,15.025,0.272117325,-0.207638,1.1,1075.585,25008.75,7250.005,2435.8275,866.4325,1.64,1.65,2.26925,2.523,1.86125,1.5
198467.3213,23.59345622,23410.2568,851898.0462,25.29768433,24.63081797,24.16384793,23.24387097,23.33367166,23.33367166,24.99781106,24.18134793,25.17505058,24.57669124,24.84242212,40.85476175,37.88146083,2.973303889,24.18379228,24.07968502,23.7906879,24.03309666,23.78530403,289.8426993,291.9627408,-2.120033136,24.00185334,23.93965265,23.82259274,122.4569332,133.2353283,-10.77838786,23.96301037,23.89279666,227.5884444,234.6991749,-7.110713341,2.86,2.00,1.82,1542.9,1518.3,4.43,1.41,2.00,4.50,383.8875449,0.446978301,0.446299767,0.538861148,0.672880184,36527.3076,14.20702765,0.24946504,0.084345447,1.000460829,1078.026,25059.108,7292.65,2416.164,852.996,1.64,1.65,2.2998,2.5354,1.8794,1.5
189901.1935,22.55354839,22259.48065,816522.5871,24.03032258,23.60580645,23.16548387,23.87677419,22.2986129,22.2986129,23.77741935,23.23548387,24.08273226,23.52480968,23.78073871,39.31775806,40.44290645,-1.125143194,23.10706774,23.00586129,22.74512258,22.9762129,22.73412581,290.8251613,293.6944839,-2.869331613,22.9360871,22.89094839,22.77549355,123.9575581,132.7730871,-8.81552,22.90278065,22.8446129,229.3784839,234.1201935,-4.741687097,2.88,1.99,1.83,1550.2,1494.6,4.46,1.42,2.00,4.50,368.7505161,0.381329358,0.400354048,0.509681177,0.641290323,34972.22581,13.59354839,0.232475826,0.303333032,0.925806452,1069.402,24958.238,7417.624,2490.208,888.46,1.64,1.65,2.2848,2.525,1.9014,1.5
189901.1935,22.55354839,22259.48065,816522.5871,24.03032258,23.60580645,23.16548387,23.87677419,22.2986129,22.2986129,23.77741935,23.23548387,24.08273226,23.52480968,23.78073871,39.31775806,40.44290645,-1.125143194,23.10706774,23.00586129,22.74512258,22.9762129,22.73412581,290.8251613,293.6944839,-2.869331613,22.9360871,22.89094839,22.77549355,123.9575581,132.7730871,-8.81552,22.90278065,22.8446129,229.3784839,234.1201935,-4.741687097,2.84,1.99,1.88,1553.2,1405.9,4.44,1.42,2.00,4.50,368.7505161,0.381329358,0.400354048,0.509681177,0.641290323,34972.22581,13.59354839,0.232475826,0.303333032,0.925806452,1064.702,24952.786,7511.974,2471.66,871.644,1.648,1.65,2.2662,2.4886,1.9092,1.5
189901.1935,22.55354839,22259.48065,816522.5871,24.03032258,23.60580645,23.16548387,23.87677419,22.2986129,22.2986129,23.77741935,23.23548387,24.08273226,23.52480968,23.78073871,39.31775806,40.44290645,-1.125143194,23.10706774,23.00586129,22.74512258,22.9762129,22.73412581,290.8251613,293.6944839,-2.869331613,22.9360871,22.89094839,22.77549355,123.9575581,132.7730871,-8.81552,22.90278065,22.8446129,229.3784839,234.1201935,-4.741687097,2.86,1.99,1.91,1555.2,1465.6,4.45,1.43,2.00,4.50,368.7505161,0.381329358,0.400354048,0.509681177,0.641290323,34972.22581,13.59354839,0.232475826,0.303333032,0.925806452,1074.842,24302.316,7242.636,2438.13,860.116,1.65,1.65,2.2282,2.4466,1.8902,1.5
190805.8583,22.66527957,22354.09817,820870.8499,24.15108602,23.75654839,23.2927957,23.89280645,22.41079677,22.41079677,23.88397849,23.36012903,24.20783527,23.64681591,23.90602032,40.36877882,40.38712172,-0.018337452,23.21506806,23.11054301,22.85396935,23.08457677,22.83942022,290.4243097,293.3215624,-2.897243763,23.04324656,22.99826624,22.88268828,123.1289288,132.6006499,-9.471716667,23.01044151,22.95292011,227.965629,233.6920116,-5.726362226,2.79,2.03,1.89,1557.0,1582.7,4.44,1.68,2.25,4.75,370.7369043,0.388413409,0.405045356,0.512220637,0.645344086,35154.46022,13.66494624,0.233076804,0.285850185,0.91688172,1067.855,24002.96,7060.505,2432.35,867.904,1.654,1.65,2.1834,2.4102,1.8706,1.5
196233.8467,23.33566667,22921.80333,846960.4267,24.87566667,24.661,24.05666667,23.989,23.0839,23.0839,24.52333333,24.108,24.95845333,24.37885333,24.65771,46.67490333,40.05241333,6.622497,23.86307,23.73863333,23.50705,23.73476,23.47118667,288.0192,291.0840333,-3.064716667,23.68620333,23.64217333,23.52585667,118.1571533,131.5660267,-13.40889667,23.65640667,23.60276333,219.4885,231.12292,-11.634413,2.78,2.01,1.87,1559.9,1677.5,4.40,1.68,2.25,4.75,382.6552333,0.430917713,0.433193203,0.527457397,0.669666667,36247.86667,14.09333333,0.23668267,0.180953103,0.863333333,1060.09,24075.966,6969.033,2447.364,882.088,1.658,1.65,2.1656,2.395,1.8634,1.5
196233.8467,23.33566667,22921.80333,846960.4267,24.87566667,24.661,24.05666667,23.989,23.0839,23.0839,24.52333333,24.108,24.95845333,24.37885333,24.65771,46.67490333,40.05241333,6.622497,23.86307,23.73863333,23.50705,23.73476,23.47118667,288.0192,291.0840333,-3.064716667,23.68620333,23.64217333,23.52585667,118.1571533,131.5660267,-13.40889667,23.65640667,23.60276333,219.4885,231.12292,-11.634413,2.80,2.03,1.90,1563.4,1413.0,4.42,1.69,2.25,4.75,382.6552333,0.430917713,0.433193203,0.527457397,0.669666667,36247.86667,14.09333333,0.23668267,0.180953103,0.863333333,1067.758,24283.948,7072.1132,2470.734,892.666,1.65,1.65,2.1876,2.4306,1.8676,1.5
196233.8467,23.33566667,22921.80333,846960.4267,24.87566667,24.661,24.05666667,23.989,23.0839,23.0839,24.52333333,24.108,24.95845333,24.37885333,24.65771,46.67490333,40.05241333,6.622497,23.86307,23.73863333,23.50705,23.73476,23.47118667,288.0192,291.0840333,-3.064716667,23.68620333,23.64217333,23.52585667,118.1571533,131.5660267,-13.40889667,23.65640667,23.60276333,219.4885,231.12292,-11.634413,2.88,2.10,1.96,1563.9,1422.2,4.47,1.69,2.25,4.75,382.6552333,0.430917713,0.433193203,0.527457397,0.669666667,36247.86667,14.09333333,0.23668267,0.180953103,0.863333333,1067.868,24647.114,7223.3594,2471.02,877.688,1.65,1.65,2.2286,2.4974,1.8836,1.5
196233.8467,23.33566667,22921.80333,846960.4267,24.87566667,24.661,24.05666667,23.989,23.0839,23.0839,24.52333333,24.108,24.95845333,24.37885333,24.65771,46.67490333,40.05241333,6.622497,23.86307,23.73863333,23.50705,23.73476,23.47118667,288.0192,291.0840333,-3.064716667,23.68620333,23.64217333,23.52585667,118.1571533,131.5660267,-13.40889667,23.65640667,23.60276333,219.4885,231.12292,-11.634413,2.99,2.18,1.98,1565.8,1532.3,4.58,1.70,2.25,4.75,382.6552333,0.430917713,0.433193203,0.527457397,0.669666667,36247.86667,14.09333333,0.23668267,0.180953103,0.863333333,1076.26,24238.036,7075.6338,2492.405,867.3475,1.65,1.65,2.24475,2.521,1.87675,1.5
190590.9228,22.74656989,22459.4272,826140.5338,24.54398925,24.58106452,23.03924731,23.5753871,22.45492581,22.45492581,23.80655914,23.56529032,24.33600301,23.78630624,24.05667839,47.86835301,42.09876688,5.769596806,23.18950032,23.05598172,22.86186613,23.06831871,22.80158151,285.3730839,291.7609817,-6.387945054,23.03676269,22.97507914,22.86401086,114.3676901,130.7693338,-16.40165473,23.00312538,22.94893301,214.9779129,229.0789794,-14.10108481,2.96,2.17,1.98,1567.3,1618.5,4.55,1.70,2.25,4.75,374.1900011,0.442421073,0.443376976,0.525810637,0.67244086,35373.55699,13.74236559,0.269184416,0.110779747,0.820107527,1073.984,24075.968,7119.1272,2458.915,849.7325,1.65,1.65,2.2955,2.57,1.9185,1.5
189650.4355,22.6483871,22382.36452,822670.5516,24.48870968,24.56774194,22.86967742,23.50645161,22.35009677,22.35009677,23.68709677,23.47483871,24.23226129,23.68754839,23.95650645,48.06726129,42.43982581,5.627446774,23.07723871,22.94220645,22.75433548,22.95724516,22.68998065,284.9320645,291.8738065,-6.941816452,22.92852258,22.86389677,22.75370323,113.7361129,130.6365516,-16.90044774,22.89424516,22.83996129,214.2261484,228.7383226,-14.51219677,2.97,2.19,2.00,1571.5,1375.3,4.55,1.70,2.25,4.75,372.779129,0.4443383,0.445074271,0.525536177,0.672903226,35227.83871,13.68387097,0.274601374,0.099084187,0.812903226,1073.768,24566.154,7335.9758,2460.714,859.4,1.65,1.65,2.2798,2.562,1.9112,1.5
189650.4355,22.6483871,22382.36452,822670.5516,24.48870968,24.56774194,22.86967742,23.50645161,22.35009677,22.35009677,23.68709677,23.47483871,24.23226129,23.68754839,23.95650645,48.06726129,42.43982581,5.627446774,23.07723871,22.94220645,22.75433548,22.95724516,22.68998065,284.9320645,291.8738065,-6.941816452,22.92852258,22.86389677,22.75370323,113.7361129,130.6365516,-16.90044774,22.89424516,22.83996129,214.2261484,228.7383226,-14.51219677,3.07,2.22,2.04,1573.7,1366.7,4.61,1.70,2.25,4.75,372.779129,0.4443383,0.445074271,0.525536177,0.672903226,35227.83871,13.68387097,0.274601374,0.099084187,0.812903226,1077.046,24760.764,7379.611,2466.0725,870.9475,1.65,1.65,2.21875,2.50175,1.86575,1.5
189650.4355,22.6483871,22382.36452,822670.5516,24.48870968,24.56774194,22.86967742,23.50645161,22.35009677,22.35009677,23.68709677,23.47483871,24.23226129,23.68754839,23.95650645,48.06726129,42.43982581,5.627446774,23.07723871,22.94220645,22.75433548,22.95724516,22.68998065,284.9320645,291.8738065,-6.941816452,22.92852258,22.86389677,22.75370323,113.7361129,130.6365516,-16.90044774,22.89424516,22.83996129,214.2261484,228.7383226,-14.51219677,3.01,2.23,2.06,1577.1,1462.0,4.66,1.70,2.25,4.75,372.779129,0.4443383,0.445074271,0.525536177,0.672903226,35227.83871,13.68387097,0.274601374,0.099084187,0.812903226,1078.126,24859.872,7411.3468,2441.442,877.374,1.65,1.65,2.1954,2.4844,1.8526,1.5
192995.6974,22.97493548,22683.85258,837293.1381,24.92354839,25.05570968,22.9683871,23.61025806,22.64938387,22.64938387,24.02548387,23.82219355,24.61315645,24.03708194,24.32026226,49.12671645,41.76405903,7.362670871,23.39985355,23.26332226,23.07567742,23.27774581,23.00173323,291.1717226,293.2288323,-2.057137258,23.2625029,23.18532387,23.07063613,117.3110745,131.9671581,-14.65608671,23.22131581,23.16769645,219.3595519,231.4042129,-12.04467087,2.83,2.16,2.03,1579.8,1578.7,4.56,1.70,2.25,4.75,379.1438452,0.41300713,0.431542205,0.531318657,0.675516129,35776.69355,13.88935484,0.281487881,0.132258005,0.884516129,1078.0575,24520.07,7463.874,2455.92,880.2475,1.655,1.65,2.205,2.502,1.85275,1.5
197456.0467,23.41033333,23085.83667,856789.92,25.50333333,25.70633333,23.1,23.74866667,23.04843333,23.04843333,24.47666667,24.28533333,25.12101667,24.50312667,24.80527,50.53932333,40.86303667,9.676303,23.83000667,23.69147667,23.50413333,23.70508,23.41740333,299.4912667,295.0355333,4.455768333,23.70781,23.61389333,23.49321333,122.07769,133.7413,-11.66360533,23.65741,23.60467667,226.20409,234.9587333,-8.754636333,2.94,2.23,2.08,1581.7,1543.8,4.54,1.70,2.25,4.75,387.6301333,0.371232237,0.41349945,0.53902863,0.679,36508.5,14.16333333,0.29066989,0.176489763,0.98,1070.8,25063.6,7642.8296,2441.625,870.5925,1.6625,1.65,2.21475,2.49125,1.86325,1.5
197456.0467,23.41033333,23085.83667,856789.92,25.50333333,25.70633333,23.1,23.74866667,23.04843333,23.04843333,24.47666667,24.28533333,25.12101667,24.50312667,24.80527,50.53932333,40.86303667,9.676303,23.83000667,23.69147667,23.50413333,23.70508,23.41740333,299.4912667,295.0355333,4.455768333,23.70781,23.61389333,23.49321333,122.07769,133.7413,-11.66360533,23.65741,23.60467667,226.20409,234.9587333,-8.754636333,2.95,2.25,2.04,1583.4,1346.1,4.62,1.70,2.25,4.75,387.6301333,0.371232237,0.41349945,0.53902863,0.679,36508.5,14.16333333,0.29066989,0.176489763,0.98,1084.152,25222.006,7713.368,2355.062,830.456,1.674,1.65,2.1602,2.414,1.8596,1.5
197456.0467,23.41033333,23085.83667,856789.92,25.50333333,25.70633333,23.1,23.74866667,23.04843333,23.04843333,24.47666667,24.28533333,25.12101667,24.50312667,24.80527,50.53932333,40.86303667,9.676303,23.83000667,23.69147667,23.50413333,23.70508,23.41740333,299.4912667,295.0355333,4.455768333,23.70781,23.61389333,23.49321333,122.07769,133.7413,-11.66360533,23.65741,23.60467667,226.20409,234.9587333,-8.754636333,2.91,2.27,2.08,1584.4,1411.9,4.57,1.90,2.50,5.00,387.6301333,0.371232237,0.41349945,0.53902863,0.679,36508.5,14.16333333,0.29066989,0.176489763,0.98,1109.526,24677.614,7731.9788,2338.24,824.502,1.68,1.65,2.13,2.3744,1.8566,1.5
196465.8723,23.3176129,22986.02452,853688.1987,25.47387097,25.63593548,23.00419355,23.64180645,22.93612258,22.93612258,24.37354839,24.166,25.02104839,24.39265419,24.69392452,50.27314258,41.07435032,9.19880529,23.71671677,23.5808929,23.3929,23.59504,23.30502774,296.9040258,294.559471,2.344565161,23.59897355,23.50426065,23.38157871,120.8019006,133.4060194,-12.60411277,23.54688323,23.49656065,223.8991974,233.8705548,-9.971366581,2.85,2.26,2.07,1584.6,1508.5,4.55,1.92,2.50,5.00,386.0949484,0.386685815,0.420510132,0.536994837,0.675225806,36357.64516,14.10451613,0.286411223,0.14709193,0.972258065,1117.56,24228.192,7510.5416,2268.036,797.514,1.68,1.65,2.1142,2.3504,1.8416,1.5
190524.8258,22.76129032,22387.15161,835077.871,25.29709677,25.21354839,22.42935484,23.00064516,22.26225806,22.26225806,23.75483871,23.45,24.42123871,23.72981935,24.02585161,48.67605806,42.34223226,6.333819032,23.03697742,22.91739032,22.7255,22.9348,22.63077419,281.3805806,291.7030968,-10.32265387,22.94595484,22.84646452,22.71177097,113.1471645,131.3943355,-18.24715742,22.88372258,22.84786452,210.0698419,227.3414839,-17.27174806,2.84,2.25,2.07,1587.6,1608.3,4.52,1.91,2.50,5.00,376.8838387,0.479407284,0.462574226,0.524792077,0.652580645,35452.51613,13.7516129,0.260859223,-0.029295068,0.925806452,1116.725,24323.805,7586.29325,2291.308,814.686,1.682,1.65,2.0902,2.3344,1.8378,1.5
190524.8258,22.76129032,22387.15161,835077.871,25.29709677,25.21354839,22.42935484,23.00064516,22.26225806,22.26225806,23.75483871,23.45,24.42123871,23.72981935,24.02585161,48.67605806,42.34223226,6.333819032,23.03697742,22.91739032,22.7255,22.9348,22.63077419,281.3805806,291.7030968,-10.32265387,22.94595484,22.84646452,22.71177097,113.1471645,131.3943355,-18.24715742,22.88372258,22.84786452,210.0698419,227.3414839,-17.27174806,2.85,2.28,2.10,1591.4,1390.9,4.53,1.91,2.50,5.00,376.8838387,0.479407284,0.462574226,0.524792077,0.652580645,35452.51613,13.7516129,0.260859223,-0.029295068,0.925806452,1119.794,24868.2,7776.3812,2292.3,808.794,1.69,1.65,2.087,2.325,1.8482,1.5
190524.8258,22.76129032,22387.15161,835077.871,25.29709677,25.21354839,22.42935484,23.00064516,22.26225806,22.26225806,23.75483871,23.45,24.42123871,23.72981935,24.02585161,48.67605806,42.34223226,6.333819032,23.03697742,22.91739032,22.7255,22.9348,22.63077419,281.3805806,291.7030968,-10.32265387,22.94595484,22.84646452,22.71177097,113.1471645,131.3943355,-18.24715742,22.88372258,22.84786452,210.0698419,227.3414839,-17.27174806,2.86,2.32,2.12,1589.5,1388.0,4.52,1.91,2.50,5.00,376.8838387,0.479407284,0.462574226,0.524792077,0.652580645,35452.51613,13.7516129,0.260859223,-0.029295068,0.925806452,1129.748,25101.232,7832.1554,2281.318,761.31,1.68,1.65,2.0862,2.3338,1.8474,1.5
190524.8258,22.76129032,22387.15161,835077.871,25.29709677,25.21354839,22.42935484,23.00064516,22.26225806,22.26225806,23.75483871,23.45,24.42123871,23.72981935,24.02585161,48.67605806,42.34223226,6.333819032,23.03697742,22.91739032,22.7255,22.9348,22.63077419,281.3805806,291.7030968,-10.32265387,22.94595484,22.84646452,22.71177097,113.1471645,131.3943355,-18.24715742,22.88372258,22.84786452,210.0698419,227.3414839,-17.27174806,2.96,2.34,2.14,1589.5,1473.9,4.54,1.91,2.50,5.00,376.8838387,0.479407284,0.462574226,0.524792077,0.652580645,35452.51613,13.7516129,0.260859223,-0.029295068,0.925806452,1124.384,25335.692,7840.8954,2290.744,781.152,1.68,1.65,2.1192,2.3652,1.882,1.5
189533.6484,22.83387097,22437.11935,838348.5806,25.28903226,25.16193548,22.49387097,23.25548387,22.40290323,22.40290323,23.86774194,23.47419355,24.4765129,23.76299677,24.07320645,48.96747742,42.66000645,6.307473871,23.02331613,22.90916452,22.70741935,22.92752581,22.60687097,274.9620323,285.917129,-10.9550571,22.94622903,22.84391613,22.69127097,108.3067774,127.7899645,-19.48317677,22.8732871,22.84028387,203.0028581,221.5487742,-18.5459529,2.97,2.35,2.16,1590.1,1621.1,4.60,1.91,2.50,5.00,377.2952903,0.480273203,0.466982952,0.529517594,0.652580645,35216.22581,13.65483871,0.276989529,-0.026902277,0.893548387,1119.494,25368.916,7724.7544,2294.922,784.842,1.67,1.65,2.0678,2.3076,1.859,1.5
189137.1774,22.86290323,22457.10645,839656.8645,25.28580645,25.14129032,22.51967742,23.35741935,22.45916129,22.45916129,23.91290323,23.48387097,24.49862258,23.77626774,24.09214839,49.08404516,42.78711613,6.296935806,23.01785161,22.90587419,22.7001871,22.92461613,22.59730968,272.3946129,283.6027419,-11.20801839,22.94633871,22.84289677,22.68307097,106.3706226,126.3482161,-19.97758452,22.8691129,22.83725161,200.1760645,219.2316903,-19.05563484,2.94,2.35,2.18,1592.9,1432.4,4.59,1.91,2.50,5.00,377.459871,0.480619571,0.468746442,0.5314078,0.652580645,35121.70968,13.61612903,0.283441652,-0.025945161,0.880645161,1122.42,25507.442,7872.512,2248.8025,762.7675,1.66,1.65,2.04025,2.261,1.856,1.5
189137.1774,22.86290323,22457.10645,839656.8645,25.28580645,25.14129032,22.51967742,23.35741935,22.45916129,22.45916129,23.91290323,23.48387097,24.49862258,23.77626774,24.09214839,49.08404516,42.78711613,6.296935806,23.01785161,22.90587419,22.7001871,22.92461613,22.59730968,272.3946129,283.6027419,-11.20801839,22.94633871,22.84289677,22.68307097,106.3706226,126.3482161,-19.97758452,22.8691129,22.83725161,200.1760645,219.2316903,-19.05563484,2.87,2.36,2.18,1593.5,1370.8,4.53,1.91,2.50,5.00,377.459871,0.480619571,0.468746442,0.5314078,0.652580645,35121.70968,13.61612903,0.283441652,-0.025945161,0.880645161,1129.188,25375.616,7817.514,2273.416,786.478,1.66,1.65,1.9584,2.1664,1.8052,1.5
189137.1774,22.86290323,22457.10645,839656.8645,25.28580645,25.14129032,22.51967742,23.35741935,22.45916129,22.45916129,23.91290323,23.48387097,24.49862258,23.77626774,24.09214839,49.08404516,42.78711613,6.296935806,23.01785161,22.90587419,22.7001871,22.92461613,22.59730968,272.3946129,283.6027419,-11.20801839,22.94633871,22.84289677,22.68307097,106.3706226,126.3482161,-19.97758452,22.8691129,22.83725161,200.1760645,219.2316903,-19.05563484,2.83,2.36,2.19,1596.4,1443.1,4.51,1.92,2.50,5.00,377.459871,0.480619571,0.468746442,0.5314078,0.652580645,35121.70968,13.61612903,0.283441652,-0.025945161,0.880645161,1118.476,25752.382,7878.744,2308.336,804.766,1.66,1.65,1.9558,2.1606,1.7998,1.5
191466.2305,23.09997849,22815.18366,848723.3166,25.54129032,25.50473118,22.77348387,23.45853763,22.72365806,22.72365806,24.18731183,23.73486022,24.7669028,24.00586839,24.34576409,50.17248559,43.56118581,6.61130329,23.23318925,23.12025204,22.90397269,23.14195247,22.80239215,278.2277806,286.2573204,-8.029494026,23.15773527,23.06054151,22.88874022,108.7375161,127.7365658,-18.99904856,23.07766731,23.05004258,204.5317432,221.4667578,-16.93501908,2.87,2.38,2.22,1597.9,1571.8,4.52,1.92,2.50,5.00,381.9818602,0.503967327,0.481885694,0.535604613,0.666129032,35499.66882,13.75913978,0.277934783,-0.064184451,0.869032258,1110.332,26037.994,8071.106,2296.742,819.63,1.654,1.65,1.914,2.0902,1.7768,1.5
197288.8633,23.69266667,23710.37667,871389.4467,26.18,26.41333333,23.408,23.71133333,23.3849,23.3849,24.87333333,24.36233333,25.43760333,24.57987,24.97980333,52.89358667,45.49636,7.397222,23.77153333,23.65619667,23.41343667,23.68529333,23.31509833,292.8107,292.8937667,-0.083183123,23.68622667,23.60465333,23.40291333,114.65475,131.20744,-16.55270867,23.59905333,23.58202,215.42094,227.0544267,-11.63347967,2.91,2.41,2.24,1604.1,1659.4,4.54,1.91,2.50,5.00,393.2868333,0.562336717,0.514733823,0.546096647,0.7,36444.56667,14.11666667,0.26416761,-0.159782677,0.84,1121.1,25959.97,7977.9225,2291.852,825.716,1.654,1.65,1.923,2.0888,1.796,1.5
197288.8633,23.69266667,23710.37667,871389.4467,26.18,26.41333333,23.408,23.71133333,23.3849,23.3849,24.87333333,24.36233333,25.43760333,24.57987,24.97980333,52.89358667,45.49636,7.397222,23.77153333,23.65619667,23.41343667,23.68529333,23.31509833,292.8107,292.8937667,-0.083183123,23.68622667,23.60465333,23.40291333,114.65475,131.20744,-16.55270867,23.59905333,23.58202,215.42094,227.0544267,-11.63347967,2.97,2.47,2.27,1606.5,1357.4,4.60,1.92,2.50,5.00,393.2868333,0.562336717,0.514733823,0.546096647,0.7,36444.56667,14.11666667,0.26416761,-0.159782677,0.84,1123.118,26025.542,7974.922,2316.614,827.322,1.674,1.65,2,2.1836,1.8582,1.5
197288.8633,23.69266667,23710.37667,871389.4467,26.18,26.41333333,23.408,23.71133333,23.3849,23.3849,24.87333333,24.36233333,25.43760333,24.57987,24.97980333,52.89358667,45.49636,7.397222,23.77153333,23.65619667,23.41343667,23.68529333,23.31509833,292.8107,292.8937667,-0.083183123,23.68622667,23.60465333,23.40291333,114.65475,131.20744,-16.55270867,23.59905333,23.58202,215.42094,227.0544267,-11.63347967,3.05,2.49,2.31,1605.8,1357.5,4.65,1.92,2.50,5.00,393.2868333,0.562336717,0.514733823,0.546096647,0.7,36444.56667,14.11666667,0.26416761,-0.159782677,0.84,1120.276,26423.064,7963.426,2349.25,827.64,1.7,1.65,2.0055,2.184,1.894,1.5
197288.8633,23.69266667,23710.37667,871389.4467,26.18,26.41333333,23.408,23.71133333,23.3849,23.3849,24.87333333,24.36233333,25.43760333,24.57987,24.97980333,52.89358667,45.49636,7.397222,23.77153333,23.65619667,23.41343667,23.68529333,23.31509833,292.8107,292.8937667,-0.083183123,23.68622667,23.60465333,23.40291333,114.65475,131.20744,-16.55270867,23.59905333,23.58202,215.42094,227.0544267,-11.63347967,3.07,2.50,2.31,1606.6,1457.8,4.72,1.92,2.50,5.00,393.2868333,0.562336717,0.514733823,0.546096647,0.7,36444.56667,14.11666667,0.26416761,-0.159782677,0.84,1115.042,26467.556,8015.882,2297.615,793.555,1.7175,1.65,2.04675,2.222,1.906,1.5
189830.6065,22.84935484,23109.1,848952.5258,25.45967742,26.01064516,22.27580645,24.49322581,22.58990323,22.58990323,24.11612903,23.63516129,24.70986452,23.82885806,24.2509129,49.06399355,41.38287097,7.681138387,22.98343871,22.88559677,22.61336452,22.93319677,22.52941194,299.7910323,307.5818065,-7.79084871,22.8845129,22.83126774,22.60713226,120.05,140.6108968,-20.56090581,22.80283871,22.80055806,226.7841935,245.3725806,-18.58850677,3.14,2.52,2.35,1608.9,1568.4,4.71,2.18,2.75,5.25,381.6427097,0.49952149,0.482097135,0.534458535,0.711290323,35440.77419,13.70645161,0.293577019,-0.041081103,0.790322581,1121.682,26665.614,7945.98,2193.49,738.3825,1.7325,1.6525,2.053,2.2385,1.90725,1.5
189830.6065,22.84935484,23109.1,848952.5258,25.45967742,26.01064516,22.27580645,24.49322581,22.58990323,22.58990323,24.11612903,23.63516129,24.70986452,23.82885806,24.2509129,49.06399355,41.38287097,7.681138387,22.98343871,22.88559677,22.61336452,22.93319677,22.52941194,299.7910323,307.5818065,-7.79084871,22.8845129,22.83126774,22.60713226,120.05,140.6108968,-20.56090581,22.80283871,22.80055806,226.7841935,245.3725806,-18.58850677,3.18,2.57,2.39,1613.1,1373.2,4.90,2.18,2.75,5.25,381.6427097,0.49952149,0.482097135,0.534458535,0.711290323,35440.77419,13.70645161,0.293577019,-0.041081103,0.790322581,1134.1875,25605.5325,7496.505,2152.464,732.268,1.76,1.684,2.0184,2.1782,1.9018,1.5
189830.6065,22.84935484,23109.1,848952.5258,25.45967742,26.01064516,22.27580645,24.49322581,22.58990323,22.58990323,24.11612903,23.63516129,24.70986452,23.82885806,24.2509129,49.06399355,41.38287097,7.681138387,22.98343871,22.88559677,22.61336452,22.93319677,22.52941194,299.7910323,307.5818065,-7.79084871,22.8845129,22.83126774,22.60713226,120.05,140.6108968,-20.56090581,22.80283871,22.80055806,226.7841935,245.3725806,-18.58850677,3.18,2.58,2.41,1611.7,1389.9,4.85,2.18,2.75,5.25,381.6427097,0.49952149,0.482097135,0.534458535,0.711290323,35440.77419,13.70645161,0.293577019,-0.041081103,0.790322581,1129.714,25515.888,7530.62,2091.168,702.472,1.794,1.7,1.991,2.1232,1.9044,1.5
189830.6065,22.84935484,23109.1,848952.5258,25.45967742,26.01064516,22.27580645,24.49322581,22.58990323,22.58990323,24.11612903,23.63516129,24.70986452,23.82885806,24.2509129,49.06399355,41.38287097,7.681138387,22.98343871,22.88559677,22.61336452,22.93319677,22.52941194,299.7910323,307.5818065,-7.79084871,22.8845129,22.83126774,22.60713226,120.05,140.6108968,-20.56090581,22.80283871,22.80055806,226.7841935,245.3725806,-18.58850677,3.14,2.56,2.42,1612.1,1490.1,4.86,2.19,2.75,5.25,381.6427097,0.49952149,0.482097135,0.534458535,0.711290323,35440.77419,13.70645161,0.293577019,-0.041081103,0.790322581,1136.706,24953.024,7300.024,2032.178,654.124,1.808,1.7,1.9376,2.06,1.8846,1.5
193367.2942,23.19124731,23582.26,868642.0901,25.47395699,25.75008602,22.33077419,23.80376344,22.9253871,22.9253871,24.52215054,24.00802151,25.15262194,24.24015441,24.67418172,51.35349247,42.10091613,9.252583118,23.40201849,23.3091929,23.02496194,23.3847129,22.94068226,300.3124043,304.7350409,-4.422662495,23.30038172,23.24908237,23.01190163,118.8907733,138.2517062,-19.36093144,23.22288516,23.22073441,225.5137591,241.8814108,-16.36769624,3.14,2.57,2.43,1612.8,1621.4,4.83,2.20,2.75,5.25,390.441428,0.503016145,0.488277551,0.543609258,0.72083871,36124.23656,13.96752688,0.300306509,-0.002243134,0.805376344,1132.436,25016.978,7261.778,2084.79,689.364,1.802,1.7,1.9712,2.094,1.8942,1.5
196019.81,23.44766667,23937.13,883409.2633,25.48466667,25.55466667,22.372,23.28666667,23.177,23.177,24.82666667,24.28766667,25.48469,24.54862667,24.99163333,53.07061667,42.63945,10.43116667,23.71595333,23.62689,23.33366,23.72335,23.249135,300.7034333,302.5999667,-1.896522833,23.61228333,23.56244333,23.31547867,118.0213533,136.4823133,-18.46095067,23.53792,23.53586667,224.5609333,239.2630333,-14.70208833,3.21,2.63,2.46,1615.8,1466.8,4.94,2.20,2.75,5.25,397.0404667,0.505637137,0.492912863,0.5504723,0.728,36636.83333,14.16333333,0.305353627,0.026885343,0.816666667,1122.27,25891.506,7442.668,2080.036,676.958,1.8,1.7,1.9394,2.0528,1.8924,1.5
196019.81,23.44766667,23937.13,883409.2633,25.48466667,25.55466667,22.372,23.28666667,23.177,23.177,24.82666667,24.28766667,25.48469,24.54862667,24.99163333,53.07061667,42.63945,10.43116667,23.71595333,23.62689,23.33366,23.72335,23.249135,300.7034333,302.5999667,-1.896522833,23.61228333,23.56244333,23.31547867,118.0213533,136.4823133,-18.46095067,23.53792,23.53586667,224.5609333,239.2630333,-14.70208833,3.11,2.61,2.46,1617.8,1332.8,4.94,2.19,2.75,5.25,397.0404667,0.505637137,0.492912863,0.5504723,0.728,36636.83333,14.16333333,0.305353627,0.026885343,0.816666667,1129.1,25267.37,7211.04,2077.424,692.822,1.804,1.7,1.9368,2.0366,1.9052,1.5
196019.81,23.44766667,23937.13,883409.2633,25.48466667,25.55466667,22.372,23.28666667,23.177,23.177,24.82666667,24.28766667,25.48469,24.54862667,24.99163333,53.07061667,42.63945,10.43116667,23.71595333,23.62689,23.33366,23.72335,23.249135,300.7034333,302.5999667,-1.896522833,23.61228333,23.56244333,23.31547867,118.0213533,136.4823133,-18.46095067,23.53792,23.53586667,224.5609333,239.2630333,-14.70208833,3.06,2.58,2.46,1617.7,1405.5,4.81,2.20,2.75,5.25,397.0404667,0.505637137,0.492912863,0.5504723,0.728,36636.83333,14.16333333,0.305353627,0.026885343,0.816666667,1128.2025,24558.43,6962.1325,2100.324,697.478,1.822,1.74,1.9056,1.989,1.891,1.55
194602.7758,23.19994624,23768.7371,876771.0812,25.05430108,25.0572043,22.31419355,22.77784946,22.94132258,22.94132258,24.60430108,24.0605914,25.24843387,24.30828817,24.75042473,52.18171882,41.04988548,11.13183656,23.48108925,23.40156935,23.10819226,23.51199839,23.02749855,291.2228763,291.9572849,-0.734401167,23.38018118,23.33525215,23.08826108,113.9860892,131.899786,-17.91369269,23.3107871,23.31393333,215.9340215,230.6586376,-14.72460457,3.05,2.60,2.47,1621.1,1510.0,4.81,2.20,2.75,5.25,393.7223978,0.488980351,0.480854094,0.5430863,0.702580645,36264.71505,14.01344086,0.299075327,0.050304997,0.822043011,1124.486,25126.54,7211.952,2098.408,696.584,1.88,1.9,1.8824,1.9354,1.8844,1.75
191060.1903,22.58064516,23347.75484,860175.6258,23.9783871,23.81354839,22.16967742,21.50580645,22.35212903,22.35212903,24.0483871,23.49290323,24.65779355,23.70744194,24.14740323,49.95947419,37.07597419,12.88351129,22.89392903,22.83826774,22.5445229,22.98361935,22.47340742,267.5214839,265.3505806,2.170903,22.79992581,22.76727419,22.5202171,103.897929,120.4434677,-16.54554774,22.74295484,22.7591,194.3667419,209.1476484,-14.78089516,2.90,2.61,2.49,1619.7,1619.5,4.75,2.20,2.75,5.25,385.4272258,0.447338387,0.450707171,0.5246213,0.639032258,35334.41935,13.63870968,0.283379577,0.108854132,0.835483871,1115.7225,25047.53,7189.3625,2070.852,671.2,1.886,1.9,1.7948,1.892,1.8546,1.75
191060.1903,22.58064516,23347.75484,860175.6258,23.9783871,23.81354839,22.16967742,21.50580645,22.35212903,22.35212903,24.0483871,23.49290323,24.65779355,23.70744194,24.14740323,49.95947419,37.07597419,12.88351129,22.89392903,22.83826774,22.5445229,22.98361935,22.47340742,267.5214839,265.3505806,2.170903,22.79992581,22.76727419,22.5202171,103.897929,120.4434677,-16.54554774,22.74295484,22.7591,194.3667419,209.1476484,-14.78089516,2.89,2.60,2.49,1622.4,1414.7,4.63,2.19,2.75,5.25,385.4272258,0.447338387,0.450707171,0.5246213,0.639032258,35334.41935,13.63870968,0.283379577,0.108854132,0.835483871,1127.868,24403.732,7026.33,2066.73,667.084,1.89,1.9,1.8022,1.8628,1.8364,1.75
191060.1903,22.58064516,23347.75484,860175.6258,23.9783871,23.81354839,22.16967742,21.50580645,22.35212903,22.35212903,24.0483871,23.49290323,24.65779355,23.70744194,24.14740323,49.95947419,37.07597419,12.88351129,22.89392903,22.83826774,22.5445229,22.98361935,22.47340742,267.5214839,265.3505806,2.170903,22.79992581,22.76727419,22.5202171,103.897929,120.4434677,-16.54554774,22.74295484,22.7591,194.3667419,209.1476484,-14.78089516,2.81,2.55,2.47,1624.1,1421.8,4.62,2.19,2.75,5.25,385.4272258,0.447338387,0.450707171,0.5246213,0.639032258,35334.41935,13.63870968,0.283379577,0.108854132,0.835483871,1125.612,23179.45,6607.174,2038.125,669.765,1.895,1.9175,1.82,1.88275,1.8395,1.75
191060.1903,22.58064516,23347.75484,860175.6258,23.9783871,23.81354839,22.16967742,21.50580645,22.35212903,22.35212903,24.0483871,23.49290323,24.65779355,23.70744194,24.14740323,49.95947419,37.07597419,12.88351129,22.89392903,22.83826774,22.5445229,22.98361935,22.47340742,267.5214839,265.3505806,2.170903,22.79992581,22.76727419,22.5202171,103.897929,120.4434677,-16.54554774,22.74295484,22.7591,194.3667419,209.1476484,-14.78089516,2.76,2.52,2.45,1631.3,1596.4,4.55,2.40,3.00,5.50,385.4272258,0.447338387,0.450707171,0.5246213,0.639032258,35334.41935,13.63870968,0.283379577,0.108854132,0.835483871,1120.166667,23026.55667,6572.79,2004.65,663.6266667,1.8975,1.91,1.803,1.873,1.818,1.75
191377.9194,22.55935484,23577.41935,865880.871,23.69774194,23.78064516,22.35548387,21.85225806,22.332,22.332,24.14516129,23.28387097,24.71216129,23.70184839,24.13820968,49.24673226,39.82749677,9.419246774,22.83567097,22.83642903,22.52514677,23.00436774,22.45640806,268.1797419,278.5186452,-10.33891874,22.76460323,22.74364194,22.4875171,104.5928065,126.3753968,-21.78259161,22.71800645,22.75362258,199.5641548,220.0498613,-20.4857029,2.65,2.49,2.45,1631.4,1699.5,4.51,2.40,3.00,5.50,385.9757419,0.413058723,0.420795758,0.50875821,0.615806452,35040.80645,13.56129032,0.241857177,0.130747126,0.970967742,1118.3325,23198.27,6625.895,2053.186,678.148,1.862,1.86,1.8052,1.8802,1.7936,1.75
191430.8742,22.55580645,23615.69677,866831.7452,23.65096774,23.77516129,22.38645161,21.91,22.32864516,22.32864516,24.16129032,23.24903226,24.72122258,23.70091613,24.13667742,49.12794194,40.28608387,8.841869355,22.82596129,22.83612258,22.52191742,23.00782581,22.45357484,268.2894516,280.7133226,-12.42388903,22.75871613,22.73970323,22.4820671,104.7086194,127.3640516,-22.65543226,22.71384839,22.75270968,200.4303903,221.8668968,-21.43650419,2.72,2.51,2.46,1627.4,1450.5,4.45,2.40,3.00,5.50,386.0671613,0.407345445,0.415810523,0.506114361,0.611935484,34991.87097,13.5483871,0.234936777,0.134395958,0.993548387,1118.282,23839.158,6927.02,2099.828,689.91,1.85,1.86,1.8012,1.871,1.797,1.75
191430.8742,22.55580645,23615.69677,866831.7452,23.65096774,23.77516129,22.38645161,21.91,22.32864516,22.32864516,24.16129032,23.24903226,24.72122258,23.70091613,24.13667742,49.12794194,40.28608387,8.841869355,22.82596129,22.83612258,22.52191742,23.00782581,22.45357484,268.2894516,280.7133226,-12.42388903,22.75871613,22.73970323,22.4820671,104.7086194,127.3640516,-22.65543226,22.71384839,22.75270968,200.4303903,221.8668968,-21.43650419,2.74,2.50,2.45,1622.3,1381.7,4.45,2.40,3.00,5.50,386.0671613,0.407345445,0.415810523,0.506114361,0.611935484,34991.87097,13.5483871,0.234936777,0.134395958,0.993548387,1121.9575,24337.3,7075.0525,2138.584,700.318,1.85,1.86,1.8098,1.8792,1.8134,1.75
191430.8742,22.55580645,23615.69677,866831.7452,23.65096774,23.77516129,22.38645161,21.91,22.32864516,22.32864516,24.16129032,23.24903226,24.72122258,23.70091613,24.13667742,49.12794194,40.28608387,8.841869355,22.82596129,22.83612258,22.52191742,23.00782581,22.45357484,268.2894516,280.7133226,-12.42388903,22.75871613,22.73970323,22.4820671,104.7086194,127.3640516,-22.65543226,22.71384839,22.75270968,200.4303903,221.8668968,-21.43650419,2.75,2.51,2.45,1622.8,1455.8,4.45,2.40,3.00,5.50,386.0671613,0.407345445,0.415810523,0.506114361,0.611935484,34991.87097,13.5483871,0.234936777,0.134395958,0.993548387,1125.33,24567.635,7071.1125,2195.034,714.866,1.854,1.86,1.8164,1.8924,1.828,1.75
201064.046,23.60224654,25037.24816,907852.7079,24.78412442,25.11759217,23.42725806,21.48892857,23.39969009,23.39969009,25.38859447,24.35087558,25.90923433,24.82733422,25.28130495,42.55888825,37.06913721,5.489756203,23.84461717,23.88758076,23.54766567,24.07801118,23.47790026,271.4182581,280.1948272,-8.776522661,23.78243779,23.78650899,23.49990191,110.2656718,128.9456402,-18.67996843,23.74360979,23.80454839,208.890298,224.7834124,-15.89311954,2.70,2.50,2.43,1622.4,1581.4,4.46,2.40,3.00,5.50,403.5866636,0.424493587,0.434765199,0.530311917,0.636820276,36727.53341,14.21336406,0.248697755,0.137688969,1.00702765,1116.774,24837.32,7168.532,2190.235,728.765,1.86,1.86,1.7935,1.8645,1.821,1.75
213908.275,24.9975,26932.65,962547.325,26.295,26.9075,24.815,20.9275,24.82775,24.82775,27.025,25.82,27.49325,26.329225,26.807475,33.80015,32.779875,1.020272,25.202825,25.289525,24.91533,25.504925,24.8436675,275.59,279.5035,-3.9133675,25.1474,25.18225,24.857015,117.675075,131.054425,-13.37935,25.116625,25.207,220.170175,228.6721,-8.50194,2.68,2.48,2.43,1625.1,1554.9,4.41,2.40,3.00,5.50,426.946,0.447357775,0.4600381,0.562575325,0.67,39041.75,15.1,0.267045725,0.14207965,1.025,1120.59,25263.41,7342.29,2198.924,736.978,1.86,1.86,1.7902,1.8534,1.8234,1.75
213908.275,24.9975,26932.65,962547.325,26.295,26.9075,24.815,20.9275,24.82775,24.82775,27.025,25.82,27.49325,26.329225,26.807475,33.80015,32.779875,1.020272,25.202825,25.289525,24.91533,25.504925,24.8436675,275.59,279.5035,-3.9133675,25.1474,25.18225,24.857015,117.675075,131.054425,-13.37935,25.116625,25.207,220.170175,228.6721,-8.50194,2.67,2.47,2.45,1626.3,1379.8,4.37,2.40,3.00,5.50,426.946,0.447357775,0.4600381,0.562575325,0.67,39041.75,15.1,0.267045725,0.14207965,1.025,1125.046,25468.956,7408.452,2221.088,746.956,1.868,1.884,1.8062,1.8748,1.834,1.75
213908.275,24.9975,26932.65,962547.325,26.295,26.9075,24.815,20.9275,24.82775,24.82775,27.025,25.82,27.49325,26.329225,26.807475,33.80015,32.779875,1.020272,25.202825,25.289525,24.91533,25.504925,24.8436675,275.59,279.5035,-3.9133675,25.1474,25.18225,24.857015,117.675075,131.054425,-13.37935,25.116625,25.207,220.170175,228.6721,-8.50194,2.66,2.47,2.45,1628.6,1421.1,4.35,2.40,3.00,5.50,426.946,0.447357775,0.4600381,0.562575325,0.67,39041.75,15.1,0.267045725,0.14207965,1.025,1123.713333,25924.58667,7491.34,2222.3475,745.225,1.87,1.89,1.814,1.88075,1.84275,1.75
205708.0774,23.99460829,25663.65346,926458.5364,25.2237788,25.96668203,23.60483871,21.33889401,23.77964055,23.77964055,25.86543779,24.85170507,26.40227373,25.28443594,25.74266682,38.53912627,34.79436359,3.744762894,24.13311106,24.24266359,23.87724885,24.45290415,23.80866304,280.5533548,280.9227696,-0.369309032,24.08841382,24.14792811,23.81569502,118.2070258,130.7711977,-12.56417866,24.06634747,24.16912581,220.2671092,227.8143198,-7.547231751,2.70,2.47,2.45,1629.5,1495.2,4.35,2.40,3.00,5.50,410.3493364,0.388728914,0.407712972,0.522773337,0.63156682,37449.02304,14.48341014,0.202649915,0.632794375,0.963133641,1120.426,26015.482,7557.23,2169.744,743.104,1.87,1.89,1.8234,1.893,1.851,1.75
194774.4806,22.65741935,23971.65806,878340.1516,23.79548387,24.71225806,21.99129032,21.88741935,22.38216129,22.38216129,24.31935484,23.56064516,24.94763871,23.89138387,24.32292258,44.85776129,37.48034839,7.377417419,22.70682581,22.84684839,22.49314065,23.05020968,22.4286571,287.1711613,282.815129,4.356102258,22.67643226,22.76883226,22.42726839,118.9162935,130.3935613,-11.47728355,22.66597742,22.78529355,220.3963548,226.6706129,-6.274287419,2.68,2.45,2.46,1637.1,1510.6,4.41,2.40,3.00,5.50,388.2204516,0.3105571,0.337946135,0.469704019,0.580322581,35325.3871,13.66129032,0.116788835,1.287080674,0.880645161,1129.058,25644.642,7497.89,2155.096,750.504,1.87,1.892,1.8022,1.8614,1.8412,1.75
194774.4806,22.65741935,23971.65806,878340.1516,23.79548387,24.71225806,21.99129032,21.88741935,22.38216129,22.38216129,24.31935484,23.56064516,24.94763871,23.89138387,24.32292258,44.85776129,37.48034839,7.377417419,22.70682581,22.84684839,22.49314065,23.05020968,22.4286571,287.1711613,282.815129,4.356102258,22.67643226,22.76883226,22.42726839,118.9162935,130.3935613,-11.47728355,22.66597742,22.78529355,220.3963548,226.6706129,-6.274287419,2.62,2.44,2.46,1639.7,1357.9,4.31,2.40,3.00,5.50,388.2204516,0.3105571,0.337946135,0.469704019,0.580322581,35325.3871,13.66129032,0.116788835,1.287080674,0.880645161,1132.18,25693.448,7622.388,2181.208,747.858,1.878,1.9,1.8056,1.8512,1.843,1.75
194774.4806,22.65741935,23971.65806,878340.1516,23.79548387,24.71225806,21.99129032,21.88741935,22.38216129,22.38216129,24.31935484,23.56064516,24.94763871,23.89138387,24.32292258,44.85776129,37.48034839,7.377417419,22.70682581,22.84684839,22.49314065,23.05020968,22.4286571,287.1711613,282.815129,4.356102258,22.67643226,22.76883226,22.42726839,118.9162935,130.3935613,-11.47728355,22.66597742,22.78529355,220.3963548,226.6706129,-6.274287419,2.55,2.41,2.43,1640.6,1399.2,4.28,2.40,3.00,5.50,388.2204516,0.3105571,0.337946135,0.469704019,0.580322581,35325.3871,13.66129032,0.116788835,1.287080674,0.880645161,1130.838,25802.396,7729.806,2141.61,728.3,1.876,1.9,1.7248,1.7454,1.7886,1.75
194774.4806,22.65741935,23971.65806,878340.1516,23.79548387,24.71225806,21.99129032,21.88741935,22.38216129,22.38216129,24.31935484,23.56064516,24.94763871,23.89138387,24.32292258,44.85776129,37.48034839,7.377417419,22.70682581,22.84684839,22.49314065,23.05020968,22.4286571,287.1711613,282.815129,4.356102258,22.67643226,22.76883226,22.42726839,118.9162935,130.3935613,-11.47728355,22.66597742,22.78529355,220.3963548,226.6706129,-6.274287419,2.41,2.33,2.39,1642.5,1502.8,4.06,2.41,3.00,5.50,388.2204516,0.3105571,0.337946135,0.469704019,0.580322581,35325.3871,13.66129032,0.116788835,1.287080674,0.880645161,1135.294,25689.258,7674.186,2192.974,745.794,1.856,1.878,1.7214,1.7514,1.7658,1.75
202100.29,23.48033333,24859.17,912328.0133,24.75433333,25.98633333,22.568,22.995,23.21223333,23.21223333,25.15333333,24.521,25.92405667,24.81409,25.27051333,45.14563667,41.91779667,3.227826,23.41161667,23.60253,23.20774867,23.81407,23.16553633,280.7212333,290.0641333,-9.342953667,23.38737333,23.54615667,23.152045,112.45997,129.55957,-17.09961167,23.39344,23.54788333,213.5298667,227.3454867,-13.81560833,2.50,2.33,2.39,1645.2,1618.2,4.08,2.42,3.00,5.50,402.8287667,0.475388737,0.427490957,0.48858033,0.590333333,36565.66667,14.14,0.098070887,0.72726689,0.77,1135.474,26293.06,7880.724,2221.288,760.644,1.84,1.86,1.7288,1.7618,1.7678,1.75
202100.29,23.48033333,24859.17,912328.0133,24.75433333,25.98633333,22.568,22.995,23.21223333,23.21223333,25.15333333,24.521,25.92405667,24.81409,25.27051333,45.14563667,41.91779667,3.227826,23.41161667,23.60253,23.20774867,23.81407,23.16553633,280.7212333,290.0641333,-9.342953667,23.38737333,23.54615667,23.152045,112.45997,129.55957,-17.09961167,23.39344,23.54788333,213.5298667,227.3454867,-13.81560833,2.52,2.35,2.40,1648.5,1391.5,4.12,2.41,3.00,5.50,402.8287667,0.475388737,0.427490957,0.48858033,0.590333333,36565.66667,14.14,0.098070887,0.72726689,0.77,1138.898,26240.822,7951.784,2233.464,762.95,1.84,1.86,1.7602,1.7998,1.7808,1.75
202100.29,23.48033333,24859.17,912328.0133,24.75433333,25.98633333,22.568,22.995,23.21223333,23.21223333,25.15333333,24.521,25.92405667,24.81409,25.27051333,45.14563667,41.91779667,3.227826,23.41161667,23.60253,23.20774867,23.81407,23.16553633,280.7212333,290.0641333,-9.342953667,23.38737333,23.54615667,23.152045,112.45997,129.55957,-17.09961167,23.39344,23.54788333,213.5298667,227.3454867,-13.81560833,2.58,2.36,2.40,1648.7,1422.7,4.17,2.41,3.00,5.50,402.8287667,0.475388737,0.427490957,0.48858033,0.590333333,36565.66667,14.14,0.098070887,0.72726689,0.77,1134.4075,26461.6275,7992.595,2201.6,754.536,1.838,1.848,1.746,1.7842,1.7738,1.75
202100.29,23.48033333,24859.17,912328.0133,24.75433333,25.98633333,22.568,22.995,23.21223333,23.21223333,25.15333333,24.521,25.92405667,24.81409,25.27051333,45.14563667,41.91779667,3.227826,23.41161667,23.60253,23.20774867,23.81407,23.16553633,280.7212333,290.0641333,-9.342953667,23.38737333,23.54615667,23.152045,112.45997,129.55957,-17.09961167,23.39344,23.54788333,213.5298667,227.3454867,-13.81560833,2.55,2.35,2.39,1649.3,1527.7,4.20,2.44,3.00,5.50,402.8287667,0.475388737,0.427490957,0.48858033,0.590333333,36565.66667,14.14,0.098070887,0.72726689,0.77,1151.528,26553.98,8100.636,2207.2725,756.885,1.825,1.84,1.7205,1.75275,1.75725,1.75
197524.1335,22.95705376,24433.16839,894448.0822,24.61944086,25.76982796,21.7963871,21.80064516,22.70496989,22.70496989,24.57376344,23.97858065,25.37408301,24.27378839,24.71956602,47.38994688,39.74870688,7.641242452,22.84806559,23.05585419,22.63861437,23.25148774,22.62350854,283.141228,287.8149828,-4.673828237,22.82171957,23.01039269,22.60356355,112.8665006,130.1844071,-17.31790656,22.83240452,23.00016022,213.8665656,227.334563,-13.46798602,2.53,2.32,2.39,1650.8,1642.7,4.14,2.44,3.00,5.50,394.4853849,0.488267273,0.433402306,0.482067896,0.555763441,35794.43011,13.83032258,0.115186189,0.509297798,0.768387097,1163.856,26478.036,8101.53,2138.7625,736.415,1.8175,1.84,1.71675,1.755,1.74775,1.75
195693.671,22.74774194,24262.76774,887296.1097,24.56548387,25.68322581,21.48774194,21.32290323,22.50206452,22.50206452,24.34193548,23.7616129,25.15409355,24.05766774,24.4991871,48.28767097,38.88107097,9.406609032,22.62264516,22.83718387,22.41096065,23.02645484,22.40669742,284.1092258,286.9153226,-2.806178065,22.59545806,22.7960871,22.38417097,113.0291129,130.4343419,-17.40522452,22.60799032,22.78107097,214.0012452,227.3301935,-13.3289371,2.47,2.30,2.39,1654.3,1413.7,4.10,2.40,3.00,5.50,391.1480323,0.493418687,0.435766845,0.479462923,0.541935484,35485.93548,13.70645161,0.12203231,0.422110161,0.767741935,1174.324,26028.326,7971.58,2075.424,716.056,1.808,1.84,1.6974,1.7392,1.7258,1.75
195693.671,22.74774194,24262.76774,887296.1097,24.56548387,25.68322581,21.48774194,21.32290323,22.50206452,22.50206452,24.34193548,23.7616129,25.15409355,24.05766774,24.4991871,48.28767097,38.88107097,9.406609032,22.62264516,22.83718387,22.41096065,23.02645484,22.40669742,284.1092258,286.9153226,-2.806178065,22.59545806,22.7960871,22.38417097,113.0291129,130.4343419,-17.40522452,22.60799032,22.78107097,214.0012452,227.3301935,-13.3289371,2.40,2.25,2.36,1655.0,1355.1,4.07,2.38,3.00,5.50,391.1480323,0.493418687,0.435766845,0.479462923,0.541935484,35485.93548,13.70645161,0.12203231,0.422110161,0.767741935,1189.642,25626.348,7783.598,2057.344,699.982,1.798,1.84,1.6604,1.7018,1.7014,1.75
195693.671,22.74774194,24262.76774,887296.1097,24.56548387,25.68322581,21.48774194,21.32290323,22.50206452,22.50206452,24.34193548,23.7616129,25.15409355,24.05766774,24.4991871,48.28767097,38.88107097,9.406609032,22.62264516,22.83718387,22.41096065,23.02645484,22.40669742,284.1092258,286.9153226,-2.806178065,22.59545806,22.7960871,22.38417097,113.0291129,130.4343419,-17.40522452,22.60799032,22.78107097,214.0012452,227.3301935,-13.3289371,2.37,2.27,2.34,1654.5,1461.6,4.06,2.39,3.00,5.50,391.1480323,0.493418687,0.435766845,0.479462923,0.541935484,35485.93548,13.70645161,0.12203231,0.422110161,0.767741935,1191.598,25682,7700.846,2039.38,693.94,1.786,1.84,1.6276,1.6534,1.6714,1.75
198034.7135,22.94572043,24487.21505,898176.7355,24.63877419,25.64649462,21.64105376,21.22331183,22.70563656,22.70563656,24.56709677,23.99924731,25.40308301,24.28876172,24.73435935,48.68025355,38.56284688,10.11741112,22.82347359,23.05245419,22.61037903,23.23710108,22.6167892,283.009228,283.6097161,-0.600516903,22.79967624,23.00813935,22.59135288,113.164314,129.4417538,-16.27744056,22.81147118,22.99173355,213.0277523,224.945223,-11.91746002,2.22,2.21,2.31,1657.2,1589.6,3.99,2.38,3.00,5.50,395.2421849,0.459717953,0.415903112,0.478238209,0.525096774,35868.96344,13.85032258,0.115252709,0.424688498,0.80172043,1188.24,25114.775,7543.8825,2069.065,706.0775,1.76,1.82,1.556,1.58225,1.62025,1.75
203887.32,23.44066667,25048.33333,925378.3,24.822,25.55466667,22.02433333,20.97433333,23.21456667,23.21456667,25.13,24.59333333,26.02555667,24.86649667,25.32229,49.66171,37.76728667,11.89441633,23.32554467,23.59063,23.108925,23.76371667,23.14201867,280.2592333,275.3457,4.913636,23.31022167,23.53827,23.10930767,113.5023167,126.9602833,-13.45798067,23.32017333,23.51839,210.59402,218.9827967,-8.388767333,2.10,2.00,2.18,1657.9,1665.6,3.82,2.39,3.00,5.50,405.4775667,0.375466117,0.36624378,0.475176427,0.483,36826.53333,14.21,0.098303707,0.43113434,0.886666667,1180.114,25479.226,7558.654,2103.722,724.636,1.726,1.814,1.4988,1.5398,1.5718,1.75
203887.32,23.44066667,25048.33333,925378.3,24.822,25.55466667,22.02433333,20.97433333,23.21456667,23.21456667,25.13,24.59333333,26.02555667,24.86649667,25.32229,49.66171,37.76728667,11.89441633,23.32554467,23.59063,23.108925,23.76371667,23.14201867,280.2592333,275.3457,4.913636,23.31022167,23.53827,23.10930767,113.5023167,126.9602833,-13.45798067,23.32017333,23.51839,210.59402,218.9827967,-8.388767333,2.12,1.97,2.14,1659.2,1410.8,3.82,2.37,3.00,5.50,405.4775667,0.375466117,0.36624378,0.475176427,0.483,36826.53333,14.21,0.098303707,0.43113434,0.886666667,1182.928,26062.48,7814.45,2114.226,720.332,1.696,1.8,1.4656,1.498,1.5386,1.75
203887.32,23.44066667,25048.33333,925378.3,24.822,25.55466667,22.02433333,20.97433333,23.21456667,23.21456667,25.13,24.59333333,26.02555667,24.86649667,25.32229,49.66171,37.76728667,11.89441633,23.32554467,23.59063,23.108925,23.76371667,23.14201867,280.2592333,275.3457,4.913636,23.31022167,23.53827,23.10930767,113.5023167,126.9602833,-13.45798067,23.32017333,23.51839,210.59402,218.9827967,-8.388767333,2.05,1.92,2.06,1659.0,1456.1,3.84,2.37,3.00,5.50,405.4775667,0.375466117,0.36624378,0.475176427,0.483,36826.53333,14.21,0.098303707,0.43113434,0.886666667,1175.914,26510.874,7973.854,2126.952,705.164,1.7,1.784,1.476,1.5092,1.5444,1.75
203887.32,23.44066667,25048.33333,925378.3,24.822,25.55466667,22.02433333,20.97433333,23.21456667,23.21456667,25.13,24.59333333,26.02555667,24.86649667,25.32229,49.66171,37.76728667,11.89441633,23.32554467,23.59063,23.108925,23.76371667,23.14201867,280.2592333,275.3457,4.913636,23.31022167,23.53827,23.10930767,113.5023167,126.9602833,-13.45798067,23.32017333,23.51839,210.59402,218.9827967,-8.388767333,2.02,1.88,2.05,1660.0,1536.2,3.73,2.38,3.00,5.50,405.4775667,0.375466117,0.36624378,0.475176427,0.483,36826.53333,14.21,0.098303707,0.43113434,0.886666667,1156.182,26587.824,7954.878,2113.42,694.146,1.704,1.78,1.442,1.4768,1.527,1.75
197692.5774,22.68451613,24269.56452,901796.6774,23.93774194,24.92677419,21.78806452,22.21258065,22.39706452,22.39706452,24.40967742,23.68935484,25.24929355,24.10174516,24.54452903,50.0283,39.95432903,10.07396419,22.52993581,22.8250129,22.32186419,22.95015484,22.38592774,282.2908065,286.9076452,-4.617008065,22.51531032,22.74738065,22.34636194,112.8705065,130.2929645,-17.42243774,22.52202355,22.73087419,211.0834871,226.444129,-15.36070065,2.00,1.89,2.05,1662.9,1645.8,3.75,2.40,3.00,5.50,394.4608387,0.394632045,0.372572019,0.464806413,0.46516129,35764.35484,13.79677419,0.099483977,0.23758621,0.903225806,1166.5525,26848.0575,8133.0675,2068.444,670.336,1.694,1.78,1.4254,1.463,1.5056,1.75
197692.5774,22.68451613,24269.56452,901796.6774,23.93774194,24.92677419,21.78806452,22.21258065,22.39706452,22.39706452,24.40967742,23.68935484,25.24929355,24.10174516,24.54452903,50.0283,39.95432903,10.07396419,22.52993581,22.8250129,22.32186419,22.95015484,22.38592774,282.2908065,286.9076452,-4.617008065,22.51531032,22.74738065,22.34636194,112.8705065,130.2929645,-17.42243774,22.52202355,22.73087419,211.0834871,226.444129,-15.36070065,2.09,1.92,2.05,1667.9,1453.1,3.75,2.41,3.00,5.50,394.4608387,0.394632045,0.372572019,0.464806413,0.46516129,35764.35484,13.79677419,0.099483977,0.23758621,0.903225806,1179.03,26973.988,8176.564,2081.636,670.94,1.636,1.698,1.3872,1.434,1.469,1.65
197692.5774,22.68451613,24269.56452,901796.6774,23.93774194,24.92677419,21.78806452,22.21258065,22.39706452,22.39706452,24.40967742,23.68935484,25.24929355,24.10174516,24.54452903,50.0283,39.95432903,10.07396419,22.52993581,22.8250129,22.32186419,22.95015484,22.38592774,282.2908065,286.9076452,-4.617008065,22.51531032,22.74738065,22.34636194,112.8705065,130.2929645,-17.42243774,22.52202355,22.73087419,211.0834871,226.444129,-15.36070065,2.07,1.89,1.99,1665.0,1432.8,3.81,2.39,3.00,5.50,394.4608387,0.394632045,0.372572019,0.464806413,0.46516129,35764.35484,13.79677419,0.099483977,0.23758621,0.903225806,1177.93,27258.362,8203.986,2083.566,660.05,1.546,1.562,1.3206,1.3636,1.4088,1.5
197692.5774,22.68451613,24269.56452,901796.6774,23.93774194,24.92677419,21.78806452,22.21258065,22.39706452,22.39706452,24.40967742,23.68935484,25.24929355,24.10174516,24.54452903,50.0283,39.95432903,10.07396419,22.52993581,22.8250129,22.32186419,22.95015484,22.38592774,282.2908065,286.9076452,-4.617008065,22.51531032,22.74738065,22.34636194,112.8705065,130.2929645,-17.42243774,22.52202355,22.73087419,211.0834871,226.444129,-15.36070065,2.07,1.92,2.03,1665.9,1538.8,3.75,2.41,3.00,5.50,394.4608387,0.394632045,0.372572019,0.464806413,0.46516129,35764.35484,13.79677419,0.099483977,0.23758621,0.903225806,1180.022,27224.898,8269.158,2021.636,622.512,1.506,1.51,1.2936,1.3274,1.3868,1.5
197894.7968,22.71419355,24362.90645,905583.3355,24.12483871,25.02741935,21.61258065,21.49774194,22.42777419,22.42777419,24.51290323,23.70741935,25.28824839,24.11066129,24.55597419,49.15503548,40.34389032,8.811152581,22.51585065,22.82081935,22.30617516,22.92089032,22.38219226,269.5998387,275.5088065,-5.909014516,22.48931419,22.72125161,22.33929613,106.4650613,124.3611452,-17.89608032,22.50151258,22.71146774,199.0608935,215.2544903,-16.19362194,1.98,1.89,2.01,1666.3,1690.2,3.75,2.40,3.00,5.50,394.7469032,0.390332729,0.368952265,0.463580697,0.409677419,35690.93548,13.75806452,0.096836223,0.185098777,0.877419355,1186.326,26870.414,8171.51,1926.51,572.282,1.466,1.492,1.1678,1.1972,1.2884,1.5
198046.4613,22.73645161,24432.9129,908423.329,24.26516129,25.10290323,21.48096774,20.9616129,22.45080645,22.45080645,24.59032258,23.72096774,25.31746452,24.11734839,24.56455806,48.5000871,40.63606129,7.864043871,22.50528677,22.81767419,22.29440839,22.89894194,22.37939065,260.0816129,266.9596774,-6.878019355,22.4698171,22.70165484,22.33399677,101.6609774,119.9122806,-18.25131226,22.48612935,22.6969129,190.0439484,206.8622613,-16.8183129,1.73,1.74,1.92,1669.6,1563.5,3.60,2.13,2.75,5.25,394.9614516,0.387108242,0.366237448,0.46266141,0.368064516,35635.87097,13.72903226,0.094850406,0.145733203,0.858064516,1213.542,26083.992,7884.088,1933.415,593.41,1.455,1.49,1.144,1.17725,1.2,1.5
198046.4613,22.73645161,24432.9129,908423.329,24.26516129,25.10290323,21.48096774,20.9616129,22.45080645,22.45080645,24.59032258,23.72096774,25.31746452,24.11734839,24.56455806,48.5000871,40.63606129,7.864043871,22.50528677,22.81767419,22.29440839,22.89894194,22.37939065,260.0816129,266.9596774,-6.878019355,22.4698171,22.70165484,22.33399677,101.6609774,119.9122806,-18.25131226,22.48612935,22.6969129,190.0439484,206.8622613,-16.8183129,1.60,1.72,1.86,1668.9,1426.9,3.60,2.12,2.75,5.25,394.9614516,0.387108242,0.366237448,0.46266141,0.368064516,35635.87097,13.72903226,0.094850406,0.145733203,0.858064516,1213.786,25826.42,7863.264,1952.822,607.77,1.44,1.49,1.1298,1.1794,1.1532,1.5
198046.4613,22.73645161,24432.9129,908423.329,24.26516129,25.10290323,21.48096774,20.9616129,22.45080645,22.45080645,24.59032258,23.72096774,25.31746452,24.11734839,24.56455806,48.5000871,40.63606129,7.864043871,22.50528677,22.81767419,22.29440839,22.89894194,22.37939065,260.0816129,266.9596774,-6.878019355,22.4698171,22.70165484,22.33399677,101.6609774,119.9122806,-18.25131226,22.48612935,22.6969129,190.0439484,206.8622613,-16.8183129,1.58,1.71,1.85,1670.4,1476.1,3.55,2.13,2.75,5.25,394.9614516,0.387108242,0.366237448,0.46266141,0.368064516,35635.87097,13.72903226,0.094850406,0.145733203,0.858064516,1207.598,26036.42,7942.948,1936.64,596.85,1.446,1.49,1.1614,1.2002,1.1606,1.5
199334.4997,22.84672043,24668.11011,913593.6444,24.35070968,25.21310753,21.62325806,21.14743011,22.57001505,22.57001505,24.73741935,23.8415914,25.45164387,24.23182957,24.68375548,48.84227323,40.78006968,8.062217699,22.60824914,22.92662645,22.39913457,23.00556785,22.48573817,263.4509634,269.336414,-5.885421571,22.57098489,22.80882796,22.43985814,103.1862273,121.1624648,-17.9762456,22.58916716,22.80431344,193.0341229,209.188023,-16.15389844,1.50,1.71,1.85,1672.6,1576.7,3.58,2.12,2.75,5.25,397.2937871,0.386637995,0.36498632,0.462790276,0.372150538,35827.63226,13.80107527,0.089133865,0.134384151,0.845483871,1214.02,26095.672,7894.768,1987.458,626.656,1.468,1.51,1.2452,1.3082,1.2236,1.5
207062.73,23.50833333,26079.29333,944615.5367,24.864,25.87433333,22.477,22.26233333,23.28526667,23.28526667,25.62,24.56533333,26.25672,24.91871667,25.39894,50.89539,41.64412,9.251260667,23.22602333,23.58034,23.02749167,23.64532333,23.12382333,283.6670667,283.5968333,0.07016513,23.17799167,23.45186667,23.07502633,112.3377267,128.66357,-16.32584567,23.207394,23.44871667,210.97517,223.1425933,-12.16741167,1.52,1.69,1.83,1677.3,1690.7,3.49,2.13,2.75,5.25,411.2878,0.38381651,0.357479547,0.463563473,0.396666667,36978.2,14.23333333,0.054834617,0.066289837,0.77,1204.3175,26499.775,8017.735,2033.61,626.4633333,1.49,1.54,1.245,1.303333333,1.265,1.5
207062.73,23.50833333,26079.29333,944615.5367,24.864,25.87433333,22.477,22.26233333,23.28526667,23.28526667,25.62,24.56533333,26.25672,24.91871667,25.39894,50.89539,41.64412,9.251260667,23.22602333,23.58034,23.02749167,23.64532333,23.12382333,283.6670667,283.5968333,0.07016513,23.17799167,23.45186667,23.07502633,112.3377267,128.66357,-16.32584567,23.207394,23.44871667,210.97517,223.1425933,-12.16741167,1.76,1.76,1.84,1684.0,1446.0,3.56,2.13,2.75,5.25,411.2878,0.38381651,0.357479547,0.463563473,0.396666667,36978.2,14.23333333,0.054834617,0.066289837,0.77,1186.476,27056.79,8142.492,2073.43,644.554,1.492,1.544,1.3266,1.405,1.3156,1.5
207062.73,23.50833333,26079.29333,944615.5367,24.864,25.87433333,22.477,22.26233333,23.28526667,23.28526667,25.62,24.56533333,26.25672,24.91871667,25.39894,50.89539,41.64412,9.251260667,23.22602333,23.58034,23.02749167,23.64532333,23.12382333,283.6670667,283.5968333,0.07016513,23.17799167,23.45186667,23.07502633,112.3377267,128.66357,-16.32584567,23.207394,23.44871667,210.97517,223.1425933,-12.16741167,1.80,1.81,1.87,1683.2,1427.2,3.73,2.19,2.75,5.25,411.2878,0.38381651,0.357479547,0.463563473,0.396666667,36978.2,14.23333333,0.054834617,0.066289837,0.77,1188.52,27072.912,8163.5,2078.116,633.794,1.506,1.55,1.3124,1.3772,1.327,1.5
207062.73,23.50833333,26079.29333,944615.5367,24.864,25.87433333,22.477,22.26233333,23.28526667,23.28526667,25.62,24.56533333,26.25672,24.91871667,25.39894,50.89539,41.64412,9.251260667,23.22602333,23.58034,23.02749167,23.64532333,23.12382333,283.6670667,283.5968333,0.07016513,23.17799167,23.45186667,23.07502633,112.3377267,128.66357,-16.32584567,23.207394,23.44871667,210.97517,223.1425933,-12.16741167,1.70,1.74,1.84,1684.0,1526.0,3.64,1.90,2.50,5.00,411.2878,0.38381651,0.357479547,0.463563473,0.396666667,36978.2,14.23333333,0.054834617,0.066289837,0.77,1198.838,26887.968,8030.752,2047.0175,625.0525,1.51,1.55,1.28325,1.3375,1.32525,1.5
200883.4287,22.81188172,25234.31656,923271.4122,23.75070968,24.65762366,21.66777419,22.52162366,22.68924086,22.68924086,25.10516129,23.91513978,25.63472129,24.26451989,24.75800065,48.48033774,38.83266323,9.647677054,22.57924785,22.93208452,22.39705199,23.00181301,22.48757301,288.507157,288.8882849,-0.381277249,22.52964683,22.82626667,22.44149362,116.2903434,132.0558326,-15.76549141,22.56602265,22.81468763,218.339839,230.4316424,-12.0918307,1.60,1.63,1.70,1685.1,1695.3,3.65,1.85,2.50,5.00,401.2363677,0.388624827,0.362317713,0.460848405,0.387634409,36069.76129,13.87849462,0.07912213,0.001626738,0.748709677,1199.576,26468.65,7909.6,2035.185,632.575,1.5025,1.55,1.26325,1.31875,1.304,1.5
199853.5452,22.69580645,25093.4871,919714.0581,23.56516129,24.45483871,21.53290323,22.56483871,22.58990323,22.58990323,25.01935484,23.80677419,25.53105484,24.1554871,24.65117742,48.07782903,38.3640871,9.713746452,22.47145194,22.82404194,22.29197871,22.89456129,22.38153129,289.3138387,289.7701935,-0.456517645,22.42158935,22.722,22.33590484,116.9491129,132.6212097,-15.67209903,22.45912742,22.70901613,219.5672839,231.6464839,-12.07923387,1.62,1.59,1.65,1689.2,1472.5,3.57,1.82,2.50,5.00,399.561129,0.389426213,0.363124074,0.460395894,0.386129032,35918.35484,13.81935484,0.083170048,-0.009150445,0.74516129,1194.538,26460.266,7938.326,2071.406,647.24,1.46,1.436,1.3264,1.4066,1.3118,1.35
199853.5452,22.69580645,25093.4871,919714.0581,23.56516129,24.45483871,21.53290323,22.56483871,22.58990323,22.58990323,25.01935484,23.80677419,25.53105484,24.1554871,24.65117742,48.07782903,38.3640871,9.713746452,22.47145194,22.82404194,22.29197871,22.89456129,22.38153129,289.3138387,289.7701935,-0.456517645,22.42158935,22.722,22.33590484,116.9491129,132.6212097,-15.67209903,22.45912742,22.70901613,219.5672839,231.6464839,-12.07923387,1.76,1.56,1.60,1690.3,1468.2,3.69,1.84,2.50,5.00,399.561129,0.389426213,0.363124074,0.460395894,0.386129032,35918.35484,13.81935484,0.083170048,-0.009150445,0.74516129,1182.79,26955.715,8129.82,2081.574,655.038,1.42,1.364,1.4012,1.5066,1.3342,1.25
199853.5452,22.69580645,25093.4871,919714.0581,23.56516129,24.45483871,21.53290323,22.56483871,22.58990323,22.58990323,25.01935484,23.80677419,25.53105484,24.1554871,24.65117742,48.07782903,38.3640871,9.713746452,22.47145194,22.82404194,22.29197871,22.89456129,22.38153129,289.3138387,289.7701935,-0.456517645,22.42158935,22.722,22.33590484,116.9491129,132.6212097,-15.67209903,22.45912742,22.70901613,219.5672839,231.6464839,-12.07923387,1.78,1.55,1.61,1691.2,1554.3,3.75,1.85,2.50,5.00,399.561129,0.389426213,0.363124074,0.460395894,0.386129032,35918.35484,13.81935484,0.083170048,-0.009150445,0.74516129,1171.98,26842.656,8163.2,2090.048,657.324,1.438,1.44,1.4872,1.6052,1.4014,1.25
204062.7858,23.00603226,25545.25548,936141.6603,23.67680645,24.70119355,21.85451613,22.58219355,22.85661613,22.85661613,25.41677419,24.11287097,25.92230419,24.49085548,24.9999971,49.60678516,40.26343548,9.343354258,22.80181668,23.15456968,22.60931655,23.23516645,22.70464845,287.9984935,287.6742677,0.324176374,22.74483377,23.06642,22.65988419,115.1956945,130.0438584,-14.84816316,22.7868371,23.04771065,216.9120794,227.7152394,-10.80318235,1.78,1.53,1.57,1695.8,1697.5,3.78,1.83,2.50,5.00,406.8807452,0.392259245,0.368459501,0.469656098,0.401645161,36419.27419,14.00677419,0.090886932,-0.027577506,0.755806452,1167.102,27148.484,8317.116,2139.71,668.212,1.452,1.498,1.5322,1.6626,1.4148,1.25
209675.1067,23.41966667,26147.61333,958045.13,23.82566667,25.02966667,22.28333333,22.60533333,23.21223333,23.21223333,25.94666667,24.521,26.44397,24.93801333,25.46509,51.64539333,42.7959,8.849498,23.242303,23.59527333,23.03243367,23.68930667,23.13547133,286.2447,284.8797,1.365101733,23.17582633,23.52564667,23.09185667,112.8578033,126.60739,-13.749582,23.22378333,23.49930333,213.3718067,222.47358,-9.101780333,1.86,1.54,1.54,1701.2,1648.6,3.69,1.57,2.25,4.75,416.6402333,0.39603662,0.375573403,0.482003037,0.422333333,37087.16667,14.25666667,0.10117611,-0.05214692,0.77,1157.048,27560.668,8437.668,2137.774,664.036,1.478,1.53,1.5204,1.6258,1.427,1.25
209675.1067,23.41966667,26147.61333,958045.13,23.82566667,25.02966667,22.28333333,22.60533333,23.21223333,23.21223333,25.94666667,24.521,26.44397,24.93801333,25.46509,51.64539333,42.7959,8.849498,23.242303,23.59527333,23.03243367,23.68930667,23.13547133,286.2447,284.8797,1.365101733,23.17582633,23.52564667,23.09185667,112.8578033,126.60739,-13.749582,23.22378333,23.49930333,213.3718067,222.47358,-9.101780333,1.87,1.52,1.55,1703.7,1458.1,3.75,1.55,2.25,4.75,416.6402333,0.39603662,0.375573403,0.482003037,0.422333333,37087.16667,14.25666667,0.10117611,-0.05214692,0.77,1166.34,27815.4825,8497.01,2127.562,650.33,1.498,1.53,1.4742,1.55,1.4296,1.25
209675.1067,23.41966667,26147.61333,958045.13,23.82566667,25.02966667,22.28333333,22.60533333,23.21223333,23.21223333,25.94666667,24.521,26.44397,24.93801333,25.46509,51.64539333,42.7959,8.849498,23.242303,23.59527333,23.03243367,23.68930667,23.13547133,286.2447,284.8797,1.365101733,23.17582633,23.52564667,23.09185667,112.8578033,126.60739,-13.749582,23.22378333,23.49930333,213.3718067,222.47358,-9.101780333,1.77,1.51,1.54,1702.6,1500.3,3.66,1.55,2.25,4.75,416.6402333,0.39603662,0.375573403,0.482003037,0.422333333,37087.16667,14.25666667,0.10117611,-0.05214692,0.77,1171.146,27886.648,8534.684,2115.852,643.91,1.516,1.53,1.4442,1.5326,1.416,1.25
209627.9232,23.32077419,26075.11097,954133.9174,23.73877419,24.96980645,22.18064516,22.5943871,23.11294194,23.11294194,25.82709677,24.41864516,26.33189548,24.82414323,25.35158774,51.95353161,42.84533871,9.108198194,23.13923755,23.48564258,22.91687632,23.58313935,23.03003368,284.3283419,282.704471,1.6239572,23.07086594,23.42203677,22.98712387,111.7334148,125.3739265,-13.6405089,23.11845323,23.39434065,211.0102523,220.3498335,-9.339587613,1.76,1.55,1.58,1704.0,1632.1,3.68,1.55,2.25,4.75,414.9995548,0.394420747,0.37455607,0.480526589,0.422,36902.03226,14.18451613,0.10331157,-0.054028721,0.769677419,1176.725,28100.89,8662.7675,2077.494,627.01,1.52,1.53,1.4288,1.5118,1.3858,1.25
209344.8226,22.72741935,25640.09677,930666.6419,23.21741935,24.61064516,21.56451613,22.52870968,22.51719355,22.51719355,25.10967742,23.80451613,25.65944839,24.14092258,24.67057419,53.80236129,43.14197097,10.66039935,22.52084484,22.82785806,22.22353226,22.94613548,22.39740774,272.8301935,269.6530968,3.17709,22.44110355,22.80037742,22.3587271,104.9870839,117.9731452,-12.98607032,22.48647258,22.76456452,196.8409258,207.6073548,-10.76643129,1.79,1.53,1.53,1709.0,1707.6,3.68,1.56,2.25,4.75,405.1554839,0.38472551,0.368452068,0.471667903,0.42,35791.22581,13.7516129,0.116124332,-0.065319529,0.767741935,1189.338,27725.696,8576.506,2119.974,632.898,1.512,1.53,1.3934,1.4824,1.3746,1.25
209344.8226,22.72741935,25640.09677,930666.6419,23.21741935,24.61064516,21.56451613,22.52870968,22.51719355,22.51719355,25.10967742,23.80451613,25.65944839,24.14092258,24.67057419,53.80236129,43.14197097,10.66039935,22.52084484,22.82785806,22.22353226,22.94613548,22.39740774,272.8301935,269.6530968,3.17709,22.44110355,22.80037742,22.3587271,104.9870839,117.9731452,-12.98607032,22.48647258,22.76456452,196.8409258,207.6073548,-10.76643129,1.84,1.51,1.53,1708.3,1514.7,3.73,1.55,2.25,4.75,405.1554839,0.38472551,0.368452068,0.471667903,0.42,35791.22581,13.7516129,0.116124332,-0.065319529,0.767741935,1186.208,27994.01,8668.852,2191.866,648.31,1.51,1.53,1.3728,1.459,1.3792,1.25
209344.8226,22.72741935,25640.09677,930666.6419,23.21741935,24.61064516,21.56451613,22.52870968,22.51719355,22.51719355,25.10967742,23.80451613,25.65944839,24.14092258,24.67057419,53.80236129,43.14197097,10.66039935,22.52084484,22.82785806,22.22353226,22.94613548,22.39740774,272.8301935,269.6530968,3.17709,22.44110355,22.80037742,22.3587271,104.9870839,117.9731452,-12.98607032,22.48647258,22.76456452,196.8409258,207.6073548,-10.76643129,1.91,1.49,1.54,1709.2,1555.0,3.73,1.55,2.25,4.75,405.1554839,0.38472551,0.368452068,0.471667903,0.42,35791.22581,13.7516129,0.116124332,-0.065319529,0.767741935,1166.194,28314.876,8855.5,2198.9825,649.96,1.51,1.53,1.37175,1.4665,1.38025,1.25
209344.8226,22.72741935,25640.09677,930666.6419,23.21741935,24.61064516,21.56451613,22.52870968,22.51719355,22.51719355,25.10967742,23.80451613,25.65944839,24.14092258,24.67057419,53.80236129,43.14197097,10.66039935,22.52084484,22.82785806,22.22353226,22.94613548,22.39740774,272.8301935,269.6530968,3.17709,22.44110355,22.80037742,22.3587271,104.9870839,117.9731452,-12.98607032,22.48647258,22.76456452,196.8409258,207.6073548,-10.76643129,1.90,1.49,1.56,1716.0,1701.4,3.74,1.55,2.25,4.75,405.1554839,0.38472551,0.368452068,0.471667903,0.42,35791.22581,13.7516129,0.116124332,-0.065319529,0.767741935,1162.225,28583.4075,8981.885,2183.1,671.26,1.5075,1.53,1.32925,1.4405,1.34825,1.25
212248.9032,22.78709677,26192.85484,935633.4,23.10451613,24.46709677,21.3516129,20.84,22.57703226,22.57703226,25.36774194,23.63516129,25.71535161,24.16540645,24.6988,49.50113548,37.63434194,11.86679613,22.51937548,22.80205161,22.12431452,22.92624839,22.40122387,265.4982581,268.2884194,-2.790116452,22.44816806,22.79290968,22.36379161,102.9318581,120.5313226,-17.59945419,22.47651129,22.75322581,196.959329,212.0514677,-15.09213935,1.88,1.53,1.54,1719.4,1809.7,3.72,1.55,2.25,4.75,405.9174194,0.399777913,0.376693584,0.473387161,0.403870968,35547.67742,13.68709677,0.114645526,-0.11479561,0.864516129,1158.5775,28626.065,9007.8875,2174.952,659.762,1.462,1.466,1.3624,1.4574,1.3352,1.25
213410.5355,22.81096774,26413.95806,937620.1032,23.05935484,24.40967742,21.26645161,20.16451613,22.60096774,22.60096774,25.47096774,23.56741935,25.7377129,24.1752,24.71009032,47.78064516,35.43129032,12.34935484,22.51878774,22.79172903,22.08462742,22.91829355,22.40275032,262.5654839,267.7425484,-5.176999032,22.45099387,22.78992258,22.36581742,102.1097677,121.5545935,-19.44480774,22.47252677,22.74869032,197.0066903,213.8291129,-16.82242258,1.84,1.50,1.52,1717.1,1595.2,3.64,1.55,2.25,4.75,406.2221935,0.405798874,0.37999019,0.474074865,0.397419355,35450.25806,13.66129032,0.114054003,-0.134586042,0.903225806,1164.824,28762.564,9130.314,2239.548,682.404,1.442,1.46,1.4108,1.5308,1.3498,1.25
213410.5355,22.81096774,26413.95806,937620.1032,23.05935484,24.40967742,21.26645161,20.16451613,22.60096774,22.60096774,25.47096774,23.56741935,25.7377129,24.1752,24.71009032,47.78064516,35.43129032,12.34935484,22.51878774,22.79172903,22.08462742,22.91829355,22.40275032,262.5654839,267.7425484,-5.176999032,22.45099387,22.78992258,22.36581742,102.1097677,121.5545935,-19.44480774,22.47252677,22.74869032,197.0066903,213.8291129,-16.82242258,1.82,1.50,1.53,1713.1,1476.9,3.65,1.54,2.25,4.75,406.2221935,0.405798874,0.37999019,0.474074865,0.397419355,35450.25806,13.66129032,0.114054003,-0.134586042,0.903225806,1157.862,29104.536,9306.006,2253.9275,683.4525,1.44,1.46,1.42775,1.546,1.36975,1.25
213410.5355,22.81096774,26413.95806,937620.1032,23.05935484,24.40967742,21.26645161,20.16451613,22.60096774,22.60096774,25.47096774,23.56741935,25.7377129,24.1752,24.71009032,47.78064516,35.43129032,12.34935484,22.51878774,22.79172903,22.08462742,22.91829355,22.40275032,262.5654839,267.7425484,-5.176999032,22.45099387,22.78992258,22.36581742,102.1097677,121.5545935,-19.44480774,22.47252677,22.74869032,197.0066903,213.8291129,-16.82242258,1.75,1.51,1.52,1713.6,1547.0,3.60,1.55,2.25,4.75,406.2221935,0.405798874,0.37999019,0.474074865,0.397419355,35450.25806,13.66129032,0.114054003,-0.134586042,0.903225806,1166.8825,29133.0325,9367.9925,2157.2525,658.4375,1.43,1.4425,1.3215,1.41375,1.302,1.25
218497.4485,23.23768632,27006.37497,957883.6383,23.57786429,24.78375973,21.62894327,20.45494994,23.05113459,23.05113459,26.0349277,24.0442158,26.26590823,24.66597241,25.21279555,39.67248053,35.12371969,4.548760845,22.92175184,23.1999168,22.46571525,23.33378899,22.58517417,258.2156707,266.0890912,-7.873381279,22.87361247,23.20626785,22.80609766,104.8769829,120.63682,-15.75982356,22.88214967,23.16340245,200.3288162,212.5197979,-12.19098503,1.59,1.46,1.53,1712.8,1649.8,3.51,1.55,2.25,4.75,414.0196752,0.403371077,0.378228778,0.47850731,0.387319244,36219.33704,13.95806452,0.103259269,-0.133523997,0.907230256,1182.53,28621.714,9226.804,2176.46,662.946,1.392,1.42,1.304,1.4106,1.2658,1.25
231214.731,24.30448276,28487.41724,1008542.476,24.87413793,25.71896552,22.53517241,21.18103448,24.17655172,24.17655172,27.44482759,25.2362069,27.58639655,25.89290345,26.46955862,19.40206897,34.3547931,-14.95272414,23.92916207,24.22038621,23.41843483,24.37252759,23.04123379,247.3411379,261.9554483,-14.6143369,23.93015897,24.24713103,23.90679828,111.7950207,118.3423862,-6.547363103,23.9062069,24.20018276,208.634131,209.2465103,-0.612391138,1.61,1.45,1.53,1714.4,1739.0,3.45,1.59,2.25,4.75,433.5133793,0.397301583,0.373825248,0.489588424,0.362068966,38142.03448,14.7,0.076272434,-0.130868886,0.917241379,1186.488,28996.114,9468.542,2227.824,684.304,1.356,1.42,1.2994,1.4194,1.2554,1.25
231214.731,24.30448276,28487.41724,1008542.476,24.87413793,25.71896552,22.53517241,21.18103448,24.17655172,24.17655172,27.44482759,25.2362069,27.58639655,25.89290345,26.46955862,19.40206897,34.3547931,-14.95272414,23.92916207,24.22038621,23.41843483,24.37252759,23.04123379,247.3411379,261.9554483,-14.6143369,23.93015897,24.24713103,23.90679828,111.7950207,118.3423862,-6.547363103,23.9062069,24.20018276,208.634131,209.2465103,-0.612391138,1.59,1.44,1.52,1715.8,1483.0,3.47,1.58,2.25,4.75,433.5133793,0.397301583,0.373825248,0.489588424,0.362068966,38142.03448,14.7,0.076272434,-0.130868886,0.917241379,1182.496,29385.194,9687.288,2203.946,681.988,1.326,1.416,1.2582,1.3588,1.2378,1.25
231214.731,24.30448276,28487.41724,1008542.476,24.87413793,25.71896552,22.53517241,21.18103448,24.17655172,24.17655172,27.44482759,25.2362069,27.58639655,25.89290345,26.46955862,19.40206897,34.3547931,-14.95272414,23.92916207,24.22038621,23.41843483,24.37252759,23.04123379,247.3411379,261.9554483,-14.6143369,23.93015897,24.24713103,23.90679828,111.7950207,118.3423862,-6.547363103,23.9062069,24.20018276,208.634131,209.2465103,-0.612391138,1.52,1.43,1.51,1717.6,1494.8,3.49,1.58,2.25,4.75,433.5133793,0.397301583,0.373825248,0.489588424,0.362068966,38142.03448,14.7,0.076272434,-0.130868886,0.917241379,1196.9875,29198.1525,9719.3675,2060.264,639.954,1.276,1.41,1.1486,1.2402,1.1538,1.25
230081.6778,24.05176863,28239.0604,1000394.405,24.59197998,25.29805339,22.36166852,21.48839822,23.94662959,23.94662959,27.14671858,25.02200222,27.32559566,25.6501624,26.22382214,22.60280289,34.77642036,-12.17361682,23.66207518,23.95531878,23.20283123,24.11795083,22.78931445,248.7365284,261.4093704,-12.672855,23.68749515,23.9902713,23.61987299,110.7179551,118.0904633,-7.372506808,23.65265997,23.94345444,207.2981455,208.6444162,-1.346281206,1.29,1.19,1.33,1717.9,1561.0,3.45,1.58,2.25,4.75,430.488574,0.372385307,0.355354477,0.478180085,0.338409344,37698.55951,14.52580645,0.061252582,-0.003972799,0.931368187,1215.702,26635.15,8860.302,2040.294,637.824,1.238,1.404,1.0792,1.17,1.1022,1.25
223283.3581,22.53548387,26748.91935,951505.9806,22.89903226,22.77258065,21.32064516,23.33258065,22.56709677,22.56709677,25.35806452,23.73677419,25.76079032,24.19371613,24.74940323,41.80720645,37.30618387,4.501027097,22.05955387,22.36491419,21.90920968,22.59049032,21.27779839,257.108871,258.1329032,-1.023963613,22.23151226,22.4491129,21.89832129,104.2555613,116.5789258,-12.32336903,22.13137839,22.40308452,199.2822323,205.0318516,-5.749621613,0.96,0.60,0.67,1725.5,1653.7,3.29,1.51,2.18,4.68,412.3397419,0.222887655,0.244529848,0.409730052,0.196451613,35037.70968,13.48064516,-0.028866532,0.757403726,1.016129032,1189.24,26339.53,8793.712,1886.348,583.534,1.208,1.396,1.0834,1.201,1.0648,1.25
223283.3581,22.53548387,26748.91935,951505.9806,22.89903226,22.77258065,21.32064516,23.33258065,22.56709677,22.56709677,25.35806452,23.73677419,25.76079032,24.19371613,24.74940323,41.80720645,37.30618387,4.501027097,22.05955387,22.36491419,21.90920968,22.59049032,21.27779839,257.108871,258.1329032,-1.023963613,22.23151226,22.4491129,21.89832129,104.2555613,116.5789258,-12.32336903,22.13137839,22.40308452,199.2822323,205.0318516,-5.749621613,0.79,0.37,0.36,1732.5,1537.1,3.36,1.09,1.75,4.25,412.3397419,0.222887655,0.244529848,0.409730052,0.196451613,35037.70968,13.48064516,-0.028866532,0.757403726,1.016129032,1201.78,23361.728,7864.732,1600.458,480.096,1.1,1.094,1.0958,1.3084,1.0082,0.85
223283.3581,22.53548387,26748.91935,951505.9806,22.89903226,22.77258065,21.32064516,23.33258065,22.56709677,22.56709677,25.35806452,23.73677419,25.76079032,24.19371613,24.74940323,41.80720645,37.30618387,4.501027097,22.05955387,22.36491419,21.90920968,22.59049032,21.27779839,257.108871,258.1329032,-1.023963613,22.23151226,22.4491129,21.89832129,104.2555613,116.5789258,-12.32336903,22.13137839,22.40308452,199.2822323,205.0318516,-5.749621613,0.99,0.21,0.14,1739.2,1630.4,3.65,0.74,1.11,3.82,412.3397419,0.222887655,0.244529848,0.409730052,0.196451613,35037.70968,13.48064516,-0.028866532,0.757403726,1.016129032,1242.582,20117.198,7051.862,1640.232,493.856,1.106,1.078,1.1076,1.3702,1.026,0.75
223283.3581,22.53548387,26748.91935,951505.9806,22.89903226,22.77258065,21.32064516,23.33258065,22.56709677,22.56709677,25.35806452,23.73677419,25.76079032,24.19371613,24.74940323,41.80720645,37.30618387,4.501027097,22.05955387,22.36491419,21.90920968,22.59049032,21.27779839,257.108871,258.1329032,-1.023963613,22.23151226,22.4491129,21.89832129,104.2555613,116.5789258,-12.32336903,22.13137839,22.40308452,199.2822323,205.0318516,-5.749621613,0.81,0.17,0.06,1755.7,1892.3,3.50,0.15,0.25,3.25,412.3397419,0.222887655,0.244529848,0.409730052,0.196451613,35037.70968,13.48064516,-0.028866532,0.757403726,1.016129032,1237.848,20937.268,7392.55,1721.504,560.746,1.17,1.1,1.077,1.314,0.9926,0.75
232510.2618,22.92704301,27733.89839,979743.9849,23.07924731,22.36478495,22.68494624,21.34145161,23.03107527,23.03107527,25.79516129,24.35193548,26.33542581,24.69795699,25.27475806,45.3171828,36.47567634,8.841516075,22.30415634,22.67858715,22.41685586,22.94124414,21.0048293,220.8491441,228.8125081,-7.963347699,22.63643398,22.80821059,21.64731823,83.62306989,102.8690145,-19.24593091,22.46999597,22.75061462,162.3874306,178.993229,-16.60578737,0.65,0.15,0.14,1764.6,2235.0,3.33,0.09,0.25,3.25,432.3746882,0.055289904,0.154087321,0.414298296,0.166129032,32231.77419,12.4016129,-0.026846647,0.756308348,2.690322581,1226.626,21530.824,7539.044,1823.906,607.738,1.092,1.1,1.0158,1.256,0.8676,0.75
236201.0233,23.08366667,28127.89,991039.1867,23.15133333,22.20166667,23.23066667,20.545,23.21666667,23.21666667,25.97,24.598,26.56528,24.89965333,25.4849,46.72117333,36.14347333,10.57771167,22.40199733,22.80405633,22.61991433,23.08154567,20.89564167,206.3452533,217.08435,-10.73910133,22.79840267,22.95184967,21.546917,75.37007333,97.38505,-22.01495567,22.605443,22.88962667,147.62951,168.57778,-20.94825367,0.73,0.22,0.21,1771.7,1922.2,3.33,0.05,0.25,3.25,440.3886667,-0.011749197,0.11791031,0.416125593,0.154,31109.4,11.97,-0.026038693,0.755870197,3.36,1221.3775,23121.6975,8011.245,1863.61,616.305,1.045,1.1,0.995,1.21325,0.8565,0.75
236201.0233,23.08366667,28127.89,991039.1867,23.15133333,22.20166667,23.23066667,20.545,23.21666667,23.21666667,25.97,24.598,26.56528,24.89965333,25.4849,46.72117333,36.14347333,10.57771167,22.40199733,22.80405633,22.61991433,23.08154567,20.89564167,206.3452533,217.08435,-10.73910133,22.79840267,22.95184967,21.546917,75.37007333,97.38505,-22.01495567,22.605443,22.88962667,147.62951,168.57778,-20.94825367,0.68,0.21,0.21,1776.5,1855.0,3.31,0.05,0.25,3.25,440.3886667,-0.011749197,0.11791031,0.416125593,0.154,31109.4,11.97,-0.026038693,0.755870197,3.36,1221.028,23725.01,8456.768,1895.526,635.7,1.024,1.1,1.0296,1.2568,0.8576,0.75
236201.0233,23.08366667,28127.89,991039.1867,23.15133333,22.20166667,23.23066667,20.545,23.21666667,23.21666667,25.97,24.598,26.56528,24.89965333,25.4849,46.72117333,36.14347333,10.57771167,22.40199733,22.80405633,22.61991433,23.08154567,20.89564167,206.3452533,217.08435,-10.73910133,22.79840267,22.95184967,21.546917,75.37007333,97.38505,-22.01495567,22.605443,22.88962667,147.62951,168.57778,-20.94825367,0.61,0.17,0.14,1785.1,2050.3,3.33,0.05,0.25,3.25,440.3886667,-0.011749197,0.11791031,0.416125593,0.154,31109.4,11.97,-0.026038693,0.755870197,3.36,1228.856,23487.134,8489.722,1934.806667,645.6566667,1.01,1.1,1.021666667,1.274,0.825,0.75
235043.7004,22.76744086,28024.31548,980223.7196,22.87772043,22.2644086,23.40305376,20.29967742,22.88989247,22.88989247,25.52387097,24.24825806,26.19240516,24.5554572,25.1369871,46.71195527,34.57793269,12.13402731,22.07036811,22.47756708,22.33598211,22.70256209,20.96582699,206.088183,212.3791645,-6.290985333,22.48199125,22.60203557,21.42029755,74.80961978,95.52273226,-20.71309854,22.28140729,22.53956183,146.8318361,165.6128761,-18.78102196,0.64,0.17,0.13,1794.3,2259.1,3.23,0.04,0.25,3.25,438.3986344,-0.027887091,0.108411891,0.411292263,0.15283871,31079.47742,11.95935484,-0.017575044,0.710569785,3.178064516,1219.068,24187.72,8749.42,1924.64,662.695,1.0075,1.09,0.94875,1.2035,0.78425,0.75
233500.6032,22.34580645,27886.21613,965803.0968,22.51290323,22.34806452,23.63290323,19.97258065,22.45419355,22.45419355,24.92903226,23.78193548,25.69523871,24.09652903,24.67310323,46.69966452,32.49054516,14.20911484,21.62819581,22.04224806,21.95740581,22.19725065,21.05940742,205.7454226,206.1055839,-0.360164,22.06010935,22.13561677,21.25147161,74.06234839,93.03964194,-18.97728903,21.84935968,22.07280871,145.768271,161.659671,-15.89137968,0.67,0.16,0.15,1805.9,2179.5,3.26,0.05,0.25,3.25,435.7452581,-0.049404284,0.095747332,0.404847823,0.151290323,31039.58065,11.94516129,-0.006290177,0.650169235,2.935483871,1222.44,23900.94,8895.04,1930.046,688.656,0.95,1.05,0.8822,1.1358,0.7424,0.75
233500.6032,22.34580645,27886.21613,965803.0968,22.51290323,22.34806452,23.63290323,19.97258065,22.45419355,22.45419355,24.92903226,23.78193548,25.69523871,24.09652903,24.67310323,46.69966452,32.49054516,14.20911484,21.62819581,22.04224806,21.95740581,22.19725065,21.05940742,205.7454226,206.1055839,-0.360164,22.06010935,22.13561677,21.25147161,74.06234839,93.03964194,-18.97728903,21.84935968,22.07280871,145.768271,161.659671,-15.89137968,0.67,0.15,0.15,1815.1,1959.2,3.28,0.05,0.25,3.25,435.7452581,-0.049404284,0.095747332,0.404847823,0.151290323,31039.58065,11.94516129,-0.006290177,0.650169235,2.935483871,1224.906,23709.1,9003.268,1975.16,704.114,0.88,1.026,0.8648,1.11,0.7278,0.75
233500.6032,22.34580645,27886.21613,965803.0968,22.51290323,22.34806452,23.63290323,19.97258065,22.45419355,22.45419355,24.92903226,23.78193548,25.69523871,24.09652903,24.67310323,46.69966452,32.49054516,14.20911484,21.62819581,22.04224806,21.95740581,22.19725065,21.05940742,205.7454226,206.1055839,-0.360164,22.06010935,22.13561677,21.25147161,74.06234839,93.03964194,-18.97728903,21.84935968,22.07280871,145.768271,161.659671,-15.89137968,0.69,0.16,0.15,1823.0,2085.5,3.24,0.05,0.25,3.25,435.7452581,-0.049404284,0.095747332,0.404847823,0.151290323,31039.58065,11.94516129,-0.006290177,0.650169235,2.935483871,1230.918,24463.882,9281.036,2022.744,719.204,0.806,0.936,0.8322,1.0798,0.6942,0.65
233500.6032,22.34580645,27886.21613,965803.0968,22.51290323,22.34806452,23.63290323,19.97258065,22.45419355,22.45419355,24.92903226,23.78193548,25.69523871,24.09652903,24.67310323,46.69966452,32.49054516,14.20911484,21.62819581,22.04224806,21.95740581,22.19725065,21.05940742,205.7454226,206.1055839,-0.360164,22.06010935,22.13561677,21.25147161,74.06234839,93.03964194,-18.97728903,21.84935968,22.07280871,145.768271,161.659671,-15.89137968,0.68,0.17,0.18,1831.7,2218.4,3.15,0.05,0.25,3.25,435.7452581,-0.049404284,0.095747332,0.404847823,0.151290323,31039.58065,11.94516129,-0.006290177,0.650169235,2.935483871,1237.04,25331.7825,9402.86,2126.464,741.728,0.676,0.804,0.8656,1.1528,0.652,0.5
247351.9533,23.20966667,29130.45333,1005235.793,23.39866667,23.66233333,24.08,22.60766667,23.26566667,23.26566667,25.76,24.65866667,26.64823,24.98811,25.58969,49.83398,39.00236667,10.83161333,22.547091,22.920548,22.849071,22.91458867,22.509942,249.3549333,245.7359333,3.619060667,22.941863,22.91990633,22.52936467,92.54037333,110.41338,-17.87301133,22.75310333,22.856295,184.0024433,193.84428,-9.841846,0.77,0.17,0.18,1838.7,2295.9,3.18,0.05,0.25,3.25,456.253,0.119643323,0.18729886,0.423059257,0.170333333,33322.56667,12.81,-0.035863193,0.330806233,2.613333333,1217.5,26176.072,9654.644,2175.596,753.72,0.65,0.79,0.8562,1.137,0.6658,0.5
247351.9533,23.20966667,29130.45333,1005235.793,23.39866667,23.66233333,24.08,22.60766667,23.26566667,23.26566667,25.76,24.65866667,26.64823,24.98811,25.58969,49.83398,39.00236667,10.83161333,22.547091,22.920548,22.849071,22.91458867,22.509942,249.3549333,245.7359333,3.619060667,22.941863,22.91990633,22.52936467,92.54037333,110.41338,-17.87301133,22.75310333,22.856295,184.0024433,193.84428,-9.841846,0.77,0.19,0.19,1848.9,1998.0,3.21,0.07,0.25,3.25,456.253,0.119643323,0.18729886,0.423059257,0.170333333,33322.56667,12.81,-0.035863193,0.330806233,2.613333333,1197.128,26513.688,9796.076,2116.944,728.658,0.662,0.79,0.8562,1.1322,0.6988,0.5
247351.9533,23.20966667,29130.45333,1005235.793,23.39866667,23.66233333,24.08,22.60766667,23.26566667,23.26566667,25.76,24.65866667,26.64823,24.98811,25.58969,49.83398,39.00236667,10.83161333,22.547091,22.920548,22.849071,22.91458867,22.509942,249.3549333,245.7359333,3.619060667,22.941863,22.91990633,22.52936467,92.54037333,110.41338,-17.87301133,22.75310333,22.856295,184.0024433,193.84428,-9.841846,0.72,0.18,0.18,1854.1,2063.4,3.13,0.08,0.25,3.25,456.253,0.119643323,0.18729886,0.423059257,0.170333333,33322.56667,12.81,-0.035863193,0.330806233,2.613333333,1210.904,26024.862,9884.318,2133.3,753.062,0.678,0.79,0.824,1.0954,0.6696,0.5
247351.9533,23.20966667,29130.45333,1005235.793,23.39866667,23.66233333,24.08,22.60766667,23.26566667,23.26566667,25.76,24.65866667,26.64823,24.98811,25.58969,49.83398,39.00236667,10.83161333,22.547091,22.920548,22.849071,22.91458867,22.509942,249.3549333,245.7359333,3.619060667,22.941863,22.91990633,22.52936467,92.54037333,110.41338,-17.87301133,22.75310333,22.856295,184.0024433,193.84428,-9.841846,0.69,0.17,0.17,1860.0,2294.7,3.13,0.09,0.25,3.25,456.253,0.119643323,0.18729886,0.423059257,0.170333333,33322.56667,12.81,-0.035863193,0.330806233,2.613333333,1204.748,25677.63,9974.246,2119.258,738.994,0.684,0.79,0.84,1.1134,0.6638,0.5
244327.7286,22.71036559,28695.01892,985695.2428,22.87243011,22.98163441,23.17354839,22.91255914,22.71668817,22.71668817,25.10193548,24.0308172,26.09755419,24.45733097,25.04356581,52.56590903,39.41803333,13.14787731,22.21275665,22.47602316,22.43853019,22.42574791,22.2512749,257.4728151,252.7286538,4.744264108,22.52489703,22.43145434,22.25048714,96.75954215,114.3813897,-17.6218537,22.37403344,22.37415548,188.5919976,199.6972735,-11.10528019,0.67,0.16,0.17,1865.6,2501.2,3.07,0.08,0.25,3.25,449.4334839,0.28773242,0.271660847,0.419751815,0.148666667,32825.89462,12.6116129,-0.065947352,-0.025493288,2.440215054,1200.7725,25742.7525,10073.795,2165.826,766.146,0.664,0.79,0.845,1.1196,0.6444,0.5
243118.0387,22.51064516,28520.84516,977879.0226,22.66193548,22.70935484,22.81096774,23.03451613,22.49709677,22.49709677,24.83870968,23.77967742,25.87728387,24.24501935,24.82511613,53.65868065,39.5843,14.0743829,22.0790229,22.29821323,22.27431387,22.23021161,22.14780806,260.7199677,255.5257419,5.194345484,22.35811065,22.23607355,22.13893613,98.44720968,115.9685935,-17.52139065,22.22240548,22.18129968,190.4278194,202.038471,-11.61065387,0.66,0.15,0.16,1875.5,2181.7,3.03,0.09,0.25,3.25,446.7056774,0.354968058,0.305405642,0.418428839,0.14,32627.22581,12.53225806,-0.077981016,-0.168013097,2.370967742,1196.78,26005.176,10487.046,2191.3,779.832,0.648,0.79,0.8404,1.127,0.6394,0.5
243118.0387,22.51064516,28520.84516,977879.0226,22.66193548,22.70935484,22.81096774,23.03451613,22.49709677,22.49709677,24.83870968,23.77967742,25.87728387,24.24501935,24.82511613,53.65868065,39.5843,14.0743829,22.0790229,22.29821323,22.27431387,22.23021161,22.14780806,260.7199677,255.5257419,5.194345484,22.35811065,22.23607355,22.13893613,98.44720968,115.9685935,-17.52139065,22.22240548,22.18129968,190.4278194,202.038471,-11.61065387,0.63,0.15,0.14,1879.3,2074.5,2.98,0.09,0.25,3.25,446.7056774,0.354968058,0.305405642,0.418428839,0.14,32627.22581,12.53225806,-0.077981016,-0.168013097,2.370967742,1202.834,26601.03,10481.386,2214.464,792.804,0.626,0.786,0.8052,1.0636,0.614,0.5
243118.0387,22.51064516,28520.84516,977879.0226,22.66193548,22.70935484,22.81096774,23.03451613,22.49709677,22.49709677,24.83870968,23.77967742,25.87728387,24.24501935,24.82511613,53.65868065,39.5843,14.0743829,22.0790229,22.29821323,22.27431387,22.23021161,22.14780806,260.7199677,255.5257419,5.194345484,22.35811065,22.23607355,22.13893613,98.44720968,115.9685935,-17.52139065,22.22240548,22.18129968,190.4278194,202.038471,-11.61065387,0.60,0.15,0.14,1884.1,2245.4,3.01,0.09,0.25,3.25,446.7056774,0.354968058,0.305405642,0.418428839,0.14,32627.22581,12.53225806,-0.077981016,-0.168013097,2.370967742,1198.762,26729.866,10595.636,2250.878,809.432,0.594,0.78,0.8044,1.0516,0.6048,0.5
243800.9484,22.54225806,28594.69677,978644.1968,22.65806452,22.63967742,22.84387097,22.61,22.53322581,22.53322581,24.93548387,23.75129032,25.90449677,24.25659355,24.83682581,53.50564194,39.65087419,13.85476871,22.14023903,22.31692548,22.31196226,22.25326065,22.20917129,256.5551935,253.2232258,3.332084452,22.39097258,22.25178323,22.17425484,96.38762258,114.6581226,-18.27050355,22.26619516,22.19764097,186.5504065,199.4019097,-12.85150032,0.58,0.13,0.12,1889.7,2413.6,2.99,0.09,0.25,3.25,448.3996129,0.361727439,0.307805326,0.418033284,0.141935484,32803.48387,12.59677419,-0.081967435,-0.200292265,2.241935484,1195.21,26449.118,10562.876,2307.43,844.39,0.58,0.762,0.8026,1.0502,0.5948,0.5
245508.2226,22.62129032,28779.32581,980557.1323,22.6483871,22.46548387,22.92612903,21.54870968,22.62354839,22.62354839,25.17741935,23.68032258,25.97252903,24.28552903,24.8661,53.12304516,39.81730968,13.30573323,22.29327935,22.36370613,22.40608323,22.31088323,22.36257935,246.1432581,247.4669355,-1.323568129,22.47312742,22.29105742,22.26255161,91.23865484,111.3819452,-20.14328581,22.37566935,22.23849419,176.8568742,192.8105065,-15.95361645,0.55,0.13,0.11,1897.0,2516.6,2.88,0.10,0.25,3.25,452.6344516,0.37862589,0.313804535,0.417044397,0.146774194,33244.12903,12.75806452,-0.091933484,-0.280990184,1.919354839,1190.462,27102.97,10992.284,2416.484,851.678,0.58,0.698,0.8236,1.086,0.6126,0.5
245508.2226,22.62129032,28779.32581,980557.1323,22.6483871,22.46548387,22.92612903,21.54870968,22.62354839,22.62354839,25.17741935,23.68032258,25.97252903,24.28552903,24.8661,53.12304516,39.81730968,13.30573323,22.29327935,22.36370613,22.40608323,22.31088323,22.36257935,246.1432581,247.4669355,-1.323568129,22.47312742,22.29105742,22.26255161,91.23865484,111.3819452,-20.14328581,22.37566935,22.23849419,176.8568742,192.8105065,-15.95361645,0.67,0.14,0.12,1903.8,2091.8,2.96,0.10,0.25,3.25,452.6344516,0.37862589,0.313804535,0.417044397,0.146774194,33244.12903,12.75806452,-0.091933484,-0.280990184,1.919354839,1184.998,27856.586,10965.044,2321.8975,801.5275,0.57,0.6325,0.8205,1.08425,0.61875,0.5
245508.2226,22.62129032,28779.32581,980557.1323,22.6483871,22.46548387,22.92612903,21.54870968,22.62354839,22.62354839,25.17741935,23.68032258,25.97252903,24.28552903,24.8661,53.12304516,39.81730968,13.30573323,22.29327935,22.36370613,22.40608323,22.31088323,22.36257935,246.1432581,247.4669355,-1.323568129,22.47312742,22.29105742,22.26255161,91.23865484,111.3819452,-20.14328581,22.37566935,22.23849419,176.8568742,192.8105065,-15.95361645,0.67,0.13,0.12,1908.1,2122.3,2.99,0.10,0.25,3.25,452.6344516,0.37862589,0.313804535,0.417044397,0.146774194,33244.12903,12.75806452,-0.091933484,-0.280990184,1.919354839,1185.894,27797.184,11212.756,2352.826,834.22,0.598,0.63,0.8458,1.1228,0.6408,0.5
245508.2226,22.62129032,28779.32581,980557.1323,22.6483871,22.46548387,22.92612903,21.54870968,22.62354839,22.62354839,25.17741935,23.68032258,25.97252903,24.28552903,24.8661,53.12304516,39.81730968,13.30573323,22.29327935,22.36370613,22.40608323,22.31088323,22.36257935,246.1432581,247.4669355,-1.323568129,22.47312742,22.29105742,22.26255161,91.23865484,111.3819452,-20.14328581,22.37566935,22.23849419,176.8568742,192.8105065,-15.95361645,0.70,0.13,0.12,1911.7,2300.1,2.91,0.09,0.25,3.25,452.6344516,0.37862589,0.313804535,0.417044397,0.146774194,33244.12903,12.75806452,-0.091933484,-0.280990184,1.919354839,1185.946,28406.992,11566.444,2360.828,861.704,0.618,0.63,0.9376,1.2308,0.6996,0.5
257152.0232,23.3076129,29994.85226,1013734.73,23.28748387,22.88335484,23.63316129,25.9663871,23.37993548,23.37993548,25.93677419,24.37290323,26.76828129,24.98176129,25.59714,55.54054645,46.2399871,9.300545032,23.05316619,23.01887716,23.13847503,23.02555703,23.10514219,282.6157226,280.9522194,1.663564239,23.18932277,22.96731077,22.94217852,106.9171535,125.1412665,-18.22412026,23.10491819,22.91699374,207.8109677,218.7603981,-10.94943206,0.68,0.12,0.12,1915.8,2534.3,2.93,0.09,0.25,3.25,469.9112645,0.370642293,0.314129419,0.431131311,0.156967742,34308.36129,13.16258065,-0.081800735,-0.303198175,1.814193548,1187.808,28520.45,11708.56,2391.022,879.876,0.632,0.63,0.9356,1.2266,0.697,0.5
259092.6567,23.422,30197.44,1019264.33,23.394,22.953,23.751,26.70266667,23.506,23.506,26.06333333,24.48833333,26.90090667,25.0978,25.71898,55.94346333,47.31043333,8.633013667,23.179814,23.12807233,23.26054033,23.14466933,23.22890267,288.6944667,286.5331,2.161419633,23.30868867,23.08001967,23.05544967,109.5302367,127.4344867,-17.90425933,23.22645967,23.030077,212.9699833,223.08538,-10.11540133,0.69,0.14,0.13,1924.4,2254.3,2.86,0.09,0.25,3.25,472.7907333,0.369311693,0.314183567,0.43347913,0.158666667,34485.73333,13.23,-0.080111943,-0.306899507,1.796666667,1186.1925,27660.395,10940.5975,2425.196,892.794,0.652,0.63,0.9114,1.1996,0.6866,0.5
259092.6567,23.422,30197.44,1019264.33,23.394,22.953,23.751,26.70266667,23.506,23.506,26.06333333,24.48833333,26.90090667,25.0978,25.71898,55.94346333,47.31043333,8.633013667,23.179814,23.12807233,23.26054033,23.14466933,23.22890267,288.6944667,286.5331,2.161419633,23.30868867,23.08001967,23.05544967,109.5302367,127.4344867,-17.90425933,23.22645967,23.030077,212.9699833,223.08538,-10.11540133,0.69,0.13,0.12,1927.3,2253.8,2.87,0.09,0.25,3.25,472.7907333,0.369311693,0.314183567,0.43347913,0.158666667,34485.73333,13.23,-0.080111943,-0.306899507,1.796666667,1174.942,27916.142,11000.2,2321.342,833.678,0.666,0.63,0.8792,1.1554,0.6784,0.5
259092.6567,23.422,30197.44,1019264.33,23.394,22.953,23.751,26.70266667,23.506,23.506,26.06333333,24.48833333,26.90090667,25.0978,25.71898,55.94346333,47.31043333,8.633013667,23.179814,23.12807233,23.26054033,23.14466933,23.22890267,288.6944667,286.5331,2.161419633,23.30868867,23.08001967,23.05544967,109.5302367,127.4344867,-17.90425933,23.22645967,23.030077,212.9699833,223.08538,-10.11540133,0.67,0.12,0.11,1929.9,2381.2,2.90,0.09,0.25,3.25,472.7907333,0.369311693,0.314183567,0.43347913,0.158666667,34485.73333,13.23,-0.080111943,-0.306899507,1.796666667,1167.868,27037.682,10792.252,2317.985,842.03,0.68,0.63,0.8445,1.112,0.6725,0.5
256973.5939,22.93864516,30025.82452,1005120.654,22.65567742,22.24990323,23.42674194,25.3523871,23.00045161,23.00045161,25.54419355,24.06145161,26.44883097,24.64332258,25.27052323,54.57997645,43.33904839,11.24091203,22.79982148,22.68414197,22.87562881,22.74810142,22.85364271,287.7410387,283.3321581,4.408827216,22.91716703,22.65535958,22.66447474,111.267801,128.3954252,-17.12762174,22.83927829,22.61610913,214.6301661,223.4593877,-8.829235226,0.68,0.12,0.11,1933.6,2588.9,2.88,0.09,0.25,3.25,465.8763419,0.338539369,0.295886461,0.425255931,0.169935484,34190.30968,13.11516129,-0.071977367,-0.286789715,1.621612903,1166.57,27663.626,11154.362,2375.7,865.5625,0.6775,0.63,0.90075,1.18825,0.69975,0.5
255384.2968,22.57612903,29897.1129,994512.8968,22.10193548,21.72258065,23.18354839,24.33967742,22.62129032,22.62129032,25.15483871,23.74129032,26.10977419,24.30246452,24.93418065,53.55736129,40.36050968,13.19683581,22.5148271,22.35119419,22.58694516,22.45067548,22.57219774,287.0259677,280.9314516,6.094382903,22.62352581,22.33686452,22.37124355,112.5709742,129.116129,-16.54514355,22.54889226,22.30563323,215.8753032,223.7398935,-7.864610645,0.78,0.13,0.12,1938.4,2426.5,2.87,0.09,0.25,3.25,460.6905484,0.315460126,0.282163632,0.419088532,0.178387097,33968.74194,13.02903226,-0.065876435,-0.271707371,1.490322581,1154.816,28247.454,11370.522,2378.02,857.036,0.664,0.63,0.9028,1.1942,0.6964,0.5
255384.2968,22.57612903,29897.1129,994512.8968,22.10193548,21.72258065,23.18354839,24.33967742,22.62129032,22.62129032,25.15483871,23.74129032,26.10977419,24.30246452,24.93418065,53.55736129,40.36050968,13.19683581,22.5148271,22.35119419,22.58694516,22.45067548,22.57219774,287.0259677,280.9314516,6.094382903,22.62352581,22.33686452,22.37124355,112.5709742,129.116129,-16.54514355,22.54889226,22.30563323,215.8753032,223.7398935,-7.864610645,0.74,0.13,0.12,1942.8,2262.1,2.81,0.09,0.25,3.25,460.6905484,0.315460126,0.282163632,0.419088532,0.178387097,33968.74194,13.02903226,-0.065876435,-0.271707371,1.490322581,1145.9575,28573.58,11754.515,2358.374,819.65,0.648,0.63,0.9142,1.1878,0.6974,0.5
255384.2968,22.57612903,29897.1129,994512.8968,22.10193548,21.72258065,23.18354839,24.33967742,22.62129032,22.62129032,25.15483871,23.74129032,26.10977419,24.30246452,24.93418065,53.55736129,40.36050968,13.19683581,22.5148271,22.35119419,22.58694516,22.45067548,22.57219774,287.0259677,280.9314516,6.094382903,22.62352581,22.33686452,22.37124355,112.5709742,129.116129,-16.54514355,22.54889226,22.30563323,215.8753032,223.7398935,-7.864610645,0.83,0.13,0.11,1943.7,2350.5,2.80,0.09,0.25,3.25,460.6905484,0.315460126,0.282163632,0.419088532,0.178387097,33968.74194,13.02903226,-0.065876435,-0.271707371,1.490322581,1135.51,28282.852,11506.87,2322.766,794.906,0.64,0.63,0.9202,1.2106,0.6994,0.5
256888.5725,22.68630108,30057.78344,1000519.589,22.19184946,21.82568817,23.3066129,24.54324731,22.72601075,22.72601075,25.25129032,23.84267742,26.23459645,24.41541054,25.05306484,54.84211301,41.01715925,13.82494122,22.62883189,22.45494478,22.69947204,22.56102046,22.68979806,289.0403914,283.1770538,5.863215108,22.73599688,22.44050987,22.48770028,112.7025465,129.6258877,-16.92333361,22.6616186,22.41227653,216.5576775,225.1464516,-8.588798172,0.82,0.12,0.11,1946.0,2560.2,2.81,0.09,0.25,3.25,463.3987129,0.31772871,0.284468322,0.421939662,0.181903226,34122.83118,13.0844086,-0.063597369,-0.277807686,1.490752688,1130.908,26965.846,11178.468,2366.216,825.992,0.64,0.658,0.9552,1.2654,0.7148,0.5
265914.2267,23.34733333,31021.80667,1036559.743,22.73133333,22.44433333,24.045,25.76466667,23.35433333,23.35433333,25.83,24.451,26.98353,25.09308667,25.76637,62.55062333,44.95705667,17.59357367,23.31286067,23.07744833,23.37463333,23.22309033,23.3954,301.1269333,296.6506667,4.476208333,23.41082333,23.062382,23.18644067,113.49198,132.68444,-19.192474,23.33797667,23.05213633,220.6519233,233.5858,-12.93392333,0.83,0.13,0.11,1948.8,2677.7,2.78,0.09,0.25,3.25,479.6477,0.331340217,0.29829646,0.43904644,0.203,35047.36667,13.41666667,-0.049922973,-0.314409573,1.493333333,1130.05,27793.264,11499.024,2471.078,842.224,0.64,0.66,0.9716,1.307,0.7166,0.5
265914.2267,23.34733333,31021.80667,1036559.743,22.73133333,22.44433333,24.045,25.76466667,23.35433333,23.35433333,25.83,24.451,26.98353,25.09308667,25.76637,62.55062333,44.95705667,17.59357367,23.31286067,23.07744833,23.37463333,23.22309033,23.3954,301.1269333,296.6506667,4.476208333,23.41082333,23.062382,23.18644067,113.49198,132.68444,-19.192474,23.33797667,23.05213633,220.6519233,233.5858,-12.93392333,0.93,0.12,0.11,1954.4,2321.0,2.84,0.09,0.25,3.25,479.6477,0.331340217,0.29829646,0.43904644,0.203,35047.36667,13.41666667,-0.049922973,-0.314409573,1.493333333,1113.2975,29284.7175,11701.63,2545.748,853.732,0.642,0.66,0.9594,1.294,0.7086,0.5
265914.2267,23.34733333,31021.80667,1036559.743,22.73133333,22.44433333,24.045,25.76466667,23.35433333,23.35433333,25.83,24.451,26.98353,25.09308667,25.76637,62.55062333,44.95705667,17.59357367,23.31286067,23.07744833,23.37463333,23.22309033,23.3954,301.1269333,296.6506667,4.476208333,23.41082333,23.062382,23.18644067,113.49198,132.68444,-19.192474,23.33797667,23.05213633,220.6519233,233.5858,-12.93392333,0.87,0.11,0.10,1956.6,2343.6,2.72,0.09,0.25,3.25,479.6477,0.331340217,0.29829646,0.43904644,0.203,35047.36667,13.41666667,-0.049922973,-0.314409573,1.493333333,1109.468,29583.784,11876.95,2616.25,874.12,0.67,0.66,0.9698,1.3072,0.7166,0.5
265914.2267,23.34733333,31021.80667,1036559.743,22.73133333,22.44433333,24.045,25.76466667,23.35433333,23.35433333,25.83,24.451,26.98353,25.09308667,25.76637,62.55062333,44.95705667,17.59357367,23.31286067,23.07744833,23.37463333,23.22309033,23.3954,301.1269333,296.6506667,4.476208333,23.41082333,23.062382,23.18644067,113.49198,132.68444,-19.192474,23.33797667,23.05213633,220.6519233,233.5858,-12.93392333,0.87,0.11,0.09,1958.8,2927.6,2.72,0.08,0.25,3.25,479.6477,0.331340217,0.29829646,0.43904644,0.203,35047.36667,13.41666667,-0.049922973,-0.314409573,1.493333333,1111.063333,29836.66,12004.3,2665.832,899.622,0.706,0.66,0.9776,1.3364,0.7236,0.5
263417.4434,22.85275269,30513.89957,1012960.376,22.21313978,22.20504301,23.31435484,26.31421505,22.75504301,22.75504301,25.27064516,23.84074194,26.30042226,24.41581699,25.08711,63.50245495,45.85869473,17.64377476,22.72324092,22.47666672,22.72900753,22.5953424,22.8101871,299.0644559,291.8716344,7.192815108,22.80482269,22.43393503,22.62705125,110.9330884,127.4342619,-16.50117361,22.73426118,22.43684556,215.8769678,226.1964516,-10.31950398,0.92,0.11,0.10,1963.7,3494.7,2.71,0.08,0.25,3.25,469.2680677,0.366596504,0.314414554,0.430644307,0.209,33964.12151,13.00698925,-0.052097305,-0.40074906,1.471397849,1098.28,29906.826,12348.926,2743.672,919.534,0.724,0.66,0.9678,1.3112,0.7174,0.5
263001.3129,22.77032258,30429.24839,1009027.148,22.12677419,22.16516129,23.19258065,26.40580645,22.65516129,22.65516129,25.17741935,23.73903226,26.18657097,24.30293871,24.9739,63.66109355,46.00896774,17.65214161,22.62497097,22.37653645,22.62140323,22.49071774,22.71265161,298.7207097,291.075129,7.645582903,22.70382258,22.32919387,22.53381968,110.5066065,126.5592323,-16.05262355,22.63364194,22.3342971,215.0811419,224.9648935,-9.883767419,0.93,0.10,0.09,1966.3,3145.2,2.71,0.09,0.25,3.25,467.538129,0.372472552,0.317100903,0.429243952,0.21,33783.58065,12.93870968,-0.052459694,-0.415138974,1.467741935,1085.892,30071.622,12445.07,2766.684,938.348,0.744,0.66,0.9842,1.3348,0.729,0.5
263001.3129,22.77032258,30429.24839,1009027.148,22.12677419,22.16516129,23.19258065,26.40580645,22.65516129,22.65516129,25.17741935,23.73903226,26.18657097,24.30293871,24.9739,63.66109355,46.00896774,17.65214161,22.62497097,22.37653645,22.62140323,22.49071774,22.71265161,298.7207097,291.075129,7.645582903,22.70382258,22.32919387,22.53381968,110.5066065,126.5592323,-16.05262355,22.63364194,22.3342971,215.0811419,224.9648935,-9.883767419,0.93,0.09,0.09,1969.3,3174.3,2.67,0.09,0.25,3.25,467.538129,0.372472552,0.317100903,0.429243952,0.21,33783.58065,12.93870968,-0.052459694,-0.415138974,1.467741935,1094.29,30139.564,12642.736,2769.7525,933.54,0.76,0.66,0.9465,1.3045,0.72475,0.5
263001.3129,22.77032258,30429.24839,1009027.148,22.12677419,22.16516129,23.19258065,26.40580645,22.65516129,22.65516129,25.17741935,23.73903226,26.18657097,24.30293871,24.9739,63.66109355,46.00896774,17.65214161,22.62497097,22.37653645,22.62140323,22.49071774,22.71265161,298.7207097,291.075129,7.645582903,22.70382258,22.32919387,22.53381968,110.5066065,126.5592323,-16.05262355,22.63364194,22.3342971,215.0811419,224.9648935,-9.883767419,0.95,0.09,0.09,1975.0,3382.1,2.66,0.09,0.25,3.25,467.538129,0.372472552,0.317100903,0.429243952,0.21,33783.58065,12.93870968,-0.052459694,-0.415138974,1.467741935,1107.023333,30120.59667,12773.85,2834.193333,950.9433333,0.8,0.66,0.97125,1.32825,0.7435,0.5
264805.2129,22.87870968,30638.32903,1012844.416,22.33677419,22.51645161,22.99709677,25.0616129,22.72387097,22.72387097,25.27903226,23.75645161,26.23759032,24.35242903,25.02807419,61.92797419,45.51408387,16.41390129,22.65753548,22.39101,22.61434839,22.49804065,22.7325871,289.5151613,284.6509677,4.86410571,22.72610968,22.33759968,22.56172645,106.8559742,124.2026935,-17.3467229,22.65530968,22.34778258,208.8821742,219.7800903,-10.89792032,0.94,0.11,0.10,1981.8,3589.1,2.67,0.09,0.25,3.25,469.7647097,0.352785903,0.305783616,0.427547413,0.224516129,33664.54839,12.9,-0.052720568,-0.393134023,1.496774194,1090.4875,30438.92,12876.98,3017.418,984.284,0.77,0.66,0.957,1.3158,0.6998,0.5
267210.4129,23.02322581,30917.10323,1017934.106,22.61677419,22.98483871,22.73645161,23.26935484,22.81548387,22.81548387,25.41451613,23.77967742,26.30561613,24.41841613,25.10030645,59.61714839,44.85423871,14.76291419,22.70095484,22.41030806,22.60494194,22.50780452,22.75916774,277.2410968,276.0854194,1.155469452,22.75582581,22.34880742,22.59893548,101.9884645,121.0606419,-19.07218871,22.6842,22.36576323,200.6168839,212.8670194,-12.25012419,1.03,0.10,0.09,1981.4,3581.6,2.65,0.09,0.25,3.25,472.7334839,0.326537039,0.2906939,0.425285361,0.243870968,33505.83871,12.8483871,-0.0530684,-0.363794087,1.535483871,1086.202,30716.798,12905.532,3131.704,974.842,0.738,0.666,0.977,1.3128,0.682,0.5
267210.4129,23.02322581,30917.10323,1017934.106,22.61677419,22.98483871,22.73645161,23.26935484,22.81548387,22.81548387,25.41451613,23.77967742,26.30561613,24.41841613,25.10030645,59.61714839,44.85423871,14.76291419,22.70095484,22.41030806,22.60494194,22.50780452,22.75916774,277.2410968,276.0854194,1.155469452,22.75582581,22.34880742,22.59893548,101.9884645,121.0606419,-19.07218871,22.6842,22.36576323,200.6168839,212.8670194,-12.25012419,1.13,0.11,0.10,1984.0,3144.2,2.79,0.09,0.25,3.25,472.7334839,0.326537039,0.2906939,0.425285361,0.243870968,33505.83871,12.8483871,-0.0530684,-0.363794087,1.535483871,1098.606,30988.726,13069.79,3104.522,968.292,0.734,0.69,0.9764,1.298,0.6792,0.5
267210.4129,23.02322581,30917.10323,1017934.106,22.61677419,22.98483871,22.73645161,23.26935484,22.81548387,22.81548387,25.41451613,23.77967742,26.30561613,24.41841613,25.10030645,59.61714839,44.85423871,14.76291419,22.70095484,22.41030806,22.60494194,22.50780452,22.75916774,277.2410968,276.0854194,1.155469452,22.75582581,22.34880742,22.59893548,101.9884645,121.0606419,-19.07218871,22.6842,22.36576323,200.6168839,212.8670194,-12.25012419,1.11,0.10,0.10,1988.6,3173.2,2.77,0.09,0.25,3.25,472.7334839,0.326537039,0.2906939,0.425285361,0.243870968,33505.83871,12.8483871,-0.0530684,-0.363794087,1.535483871,1101.85,31034.50333,13423.71667,3103.424,973.836,0.748,0.696,0.9886,1.337,0.6976,0.5
267210.4129,23.02322581,30917.10323,1017934.106,22.61677419,22.98483871,22.73645161,23.26935484,22.81548387,22.81548387,25.41451613,23.77967742,26.30561613,24.41841613,25.10030645,59.61714839,44.85423871,14.76291419,22.70095484,22.41030806,22.60494194,22.50780452,22.75916774,277.2410968,276.0854194,1.155469452,22.75582581,22.34880742,22.59893548,101.9884645,121.0606419,-19.07218871,22.6842,22.36576323,200.6168839,212.8670194,-12.25012419,1.06,0.09,0.08,1991.4,3473.9,2.73,0.08,0.25,3.25,472.7334839,0.326537039,0.2906939,0.425285361,0.243870968,33505.83871,12.8483871,-0.0530684,-0.363794087,1.535483871,1107.734,30557.238,13388.1,3098.24,964.684,0.75,0.724,0.9836,1.3222,0.6906,0.5
301638.9,25.7,35206.475,1137103.55,25.92,26.57,24.855,24.2475,25.395,25.395,28.304825,26.3825,29.27445,27.143675,27.8998,51.2138,41.743825,9.46996,25.248575,24.884265,25.050775,24.95557,25.247775,301.85325,300.42575,1.42757175,25.28585,24.8094875,25.116025,118.091,133.36895,-15.27795,25.196225,24.83102,230.21515,238.194725,-7.979595,1.14,0.07,0.07,1994.2,3642.7,2.73,0.07,0.25,3.25,525.054,0.418871675,0.354577575,0.476898075,0.315,37380.5,14.325,-0.05770595,-0.5077126,1.65,1118.11,30765.418,13652.15,3092.163333,960.98,0.743333333,0.73,0.995333333,1.327666667,0.683333333,0.5
301638.9,25.7,35206.475,1137103.55,25.92,26.57,24.855,24.2475,25.395,25.395,28.304825,26.3825,29.27445,27.143675,27.8998,51.2138,41.743825,9.46996,25.248575,24.884265,25.050775,24.95557,25.247775,301.85325,300.42575,1.42757175,25.28585,24.8094875,25.116025,118.091,133.36895,-15.27795,25.196225,24.83102,230.21515,238.194725,-7.979595,1.18,0.07,0.06,1997.8,3346.2,2.73,0.08,0.25,3.25,525.054,0.418871675,0.354577575,0.476898075,0.315,37380.5,14.325,-0.05770595,-0.5077126,1.65,1109.48,31417.698,14017.822,3127.652,974.402,0.738,0.738,0.9898,1.3434,0.6826,0.5
301638.9,25.7,35206.475,1137103.55,25.92,26.57,24.855,24.2475,25.395,25.395,28.304825,26.3825,29.27445,27.143675,27.8998,51.2138,41.743825,9.46996,25.248575,24.884265,25.050775,24.95557,25.247775,301.85325,300.42575,1.42757175,25.28585,24.8094875,25.116025,118.091,133.36895,-15.27795,25.196225,24.83102,230.21515,238.194725,-7.979595,1.31,0.07,0.06,1999.4,3427.9,2.81,0.08,0.25,3.25,525.054,0.418871675,0.354577575,0.476898075,0.315,37380.5,14.325,-0.05770595,-0.5077126,1.65,1105.355,31530.8575,13938.2025,3051.492,929.47,0.73,0.74,1.0122,1.3908,0.6778,0.5
301638.9,25.7,35206.475,1137103.55,25.92,26.57,24.855,24.2475,25.395,25.395,28.304825,26.3825,29.27445,27.143675,27.8998,51.2138,41.743825,9.46996,25.248575,24.884265,25.050775,24.95557,25.247775,301.85325,300.42575,1.42757175,25.28585,24.8094875,25.116025,118.091,133.36895,-15.27795,25.196225,24.83102,230.21515,238.194725,-7.979595,1.42,0.08,0.05,1999.7,3606.8,2.97,0.07,0.25,3.25,525.054,0.418871675,0.354577575,0.476898075,0.315,37380.5,14.325,-0.05770595,-0.5077126,1.65,1113.018,31471.056,13381.6,3049.1525,925.9125,0.73,0.74,1.034,1.43325,0.67675,0.5
278040.2484,23.45903226,31719.41613,1040112.748,24.2583871,24.83193548,22.07709677,24.97870968,22.99612903,22.99612903,25.43969355,24.05290323,26.56915484,24.65357097,25.34517097,54.44965806,51.33398065,3.115668387,22.93459677,22.58807419,22.70921935,22.56800452,22.85328387,324.8842258,332.0129355,-7.12867129,22.92960645,22.50681097,22.78269677,127.1642129,143.8475613,-16.68335968,22.84510968,22.51985129,246.9753548,258.3776774,-11.40222548,1.49,0.08,0.07,2002.5,3775.8,3.02,0.07,0.25,3.25,477.6443226,0.34183441,0.313457539,0.44219359,0.363548387,33982.29032,13.02903226,0.002824139,-0.339166619,1.4,1123.492,31323.512,13117.798,2999.688,904.94,0.732,0.748,1.1858,1.5552,0.704,0.5
278040.2484,23.45903226,31719.41613,1040112.748,24.2583871,24.83193548,22.07709677,24.97870968,22.99612903,22.99612903,25.43969355,24.05290323,26.56915484,24.65357097,25.34517097,54.44965806,51.33398065,3.115668387,22.93459677,22.58807419,22.70921935,22.56800452,22.85328387,324.8842258,332.0129355,-7.12867129,22.92960645,22.50681097,22.78269677,127.1642129,143.8475613,-16.68335968,22.84510968,22.51985129,246.9753548,258.3776774,-11.40222548,1.57,0.09,0.06,2008.6,3537.3,3.05,0.07,0.25,3.25,477.6443226,0.34183441,0.313457539,0.44219359,0.363548387,33982.29032,13.02903226,0.002824139,-0.339166619,1.4,1136.28,32239.286,13094.068,3053.184,942.654,0.75,0.75,1.1742,1.614,0.6888,0.5
278040.2484,23.45903226,31719.41613,1040112.748,24.2583871,24.83193548,22.07709677,24.97870968,22.99612903,22.99612903,25.43969355,24.05290323,26.56915484,24.65357097,25.34517097,54.44965806,51.33398065,3.115668387,22.93459677,22.58807419,22.70921935,22.56800452,22.85328387,324.8842258,332.0129355,-7.12867129,22.92960645,22.50681097,22.78269677,127.1642129,143.8475613,-16.68335968,22.84510968,22.51985129,246.9753548,258.3776774,-11.40222548,1.66,0.07,0.05,2011.6,3640.6,3.09,0.07,0.25,3.25,477.6443226,0.34183441,0.313457539,0.44219359,0.363548387,33982.29032,13.02903226,0.002824139,-0.339166619,1.4,1130.038,32857.01,13357.578,3017.178,953.44,0.758,0.75,1.1166,1.5558,0.6616,0.5
278040.2484,23.45903226,31719.41613,1040112.748,24.2583871,24.83193548,22.07709677,24.97870968,22.99612903,22.99612903,25.43969355,24.05290323,26.56915484,24.65357097,25.34517097,54.44965806,51.33398065,3.115668387,22.93459677,22.58807419,22.70921935,22.56800452,22.85328387,324.8842258,332.0129355,-7.12867129,22.92960645,22.50681097,22.78269677,127.1642129,143.8475613,-16.68335968,22.84510968,22.51985129,246.9753548,258.3776774,-11.40222548,1.65,0.07,0.04,2023.7,3826.6,3.17,0.07,0.25,3.25,477.6443226,0.34183441,0.313457539,0.44219359,0.363548387,33982.29032,13.02903226,0.002824139,-0.339166619,1.4,1130.614,32653.354,13136.706,3073.532,960.84,0.76,0.75,1.1392,1.5786,0.6672,0.5
286782.7865,24.03787097,32470.18215,1065982.046,25.09778495,25.2715914,22.65627957,24.73716129,23.4528172,23.4528172,25.87964581,24.59105376,27.14414065,25.1973228,25.91050946,58.52540774,51.47542409,7.049981118,23.45037957,23.09458989,23.19013591,23.0052686,23.30993118,323.4215634,327.4751247,-4.053533505,23.39888086,22.9816428,23.26251957,123.9052951,141.9901948,-18.08489929,23.31913462,22.99180484,240.7325806,253.6132903,-12.88071206,1.72,0.06,0.04,2033.6,4012.3,3.18,0.07,0.25,3.25,492.0139097,0.380462781,0.341735972,0.456854845,0.374473118,34718.50538,13.30387097,0.016949932,-0.349142443,1.36,1131.34,33093.2725,13208.005,3132.092,976.606,0.734,0.75,1.1768,1.5894,0.6648,0.5
293339.69,24.472,33033.25667,1085384.02,25.72733333,25.60133333,23.09066667,24.556,23.79533333,23.79533333,26.20961,24.99466667,27.57538,25.60513667,26.33451333,61.58222,51.58150667,10.00071567,23.83721667,23.47447667,23.55082333,23.33321667,23.65241667,322.3245667,324.0717667,-1.747180167,23.75083667,23.33776667,23.62238667,121.4611067,140.59717,-19.136054,23.67465333,23.34577,236.0505,250.04,-13.989577,1.68,0.06,0.04,2042.0,3848.6,3.13,0.07,0.25,3.25,502.7911,0.40943406,0.362944797,0.467850787,0.382666667,35270.66667,13.51,0.027544277,-0.35662431,1.33,1119.694,33541.572,13764.462,3176,1012.192,0.714,0.734,1.1362,1.5576,0.6608,0.5
293339.69,24.472,33033.25667,1085384.02,25.72733333,25.60133333,23.09066667,24.556,23.79533333,23.79533333,26.20961,24.99466667,27.57538,25.60513667,26.33451333,61.58222,51.58150667,10.00071567,23.83721667,23.47447667,23.55082333,23.33321667,23.65241667,322.3245667,324.0717667,-1.747180167,23.75083667,23.33776667,23.62238667,121.4611067,140.59717,-19.136054,23.67465333,23.34577,236.0505,250.04,-13.989577,1.62,0.06,0.04,2049.7,3706.4,3.04,0.07,0.25,3.25,502.7911,0.40943406,0.362944797,0.467850787,0.382666667,35270.66667,13.51,0.027544277,-0.35662431,1.33,1119.326,33878.044,13959.008,3190.964,1027.218,0.704,0.73,1.1196,1.5574,0.6582,0.5
293339.69,24.472,33033.25667,1085384.02,25.72733333,25.60133333,23.09066667,24.556,23.79533333,23.79533333,26.20961,24.99466667,27.57538,25.60513667,26.33451333,61.58222,51.58150667,10.00071567,23.83721667,23.47447667,23.55082333,23.33321667,23.65241667,322.3245667,324.0717667,-1.747180167,23.75083667,23.33776667,23.62238667,121.4611067,140.59717,-19.136054,23.67465333,23.34577,236.0505,250.04,-13.989577,1.58,0.07,0.04,2054.7,3816.8,2.97,0.07,0.25,3.25,502.7911,0.40943406,0.362944797,0.467850787,0.382666667,35270.66667,13.51,0.027544277,-0.35662431,1.33,1116.382,33979.126,13897.296,3187.27,1004.696,0.7,0.73,1.1166,1.6042,0.6528,0.5
291090.9177,24.28322581,32852.73817,1076632.61,25.6211828,25.57569892,22.9572043,24.2483871,23.58053763,23.58053763,25.96085323,24.78236559,27.35584194,25.41091237,26.12916667,61.01454516,50.93314624,10.08140575,23.65116398,23.30501237,23.35388118,23.11920269,23.43867366,319.1964785,320.6750591,-1.478562349,23.54359301,23.1373172,23.4198172,119.9511914,139.4573823,-19.50618097,23.4726086,23.14636935,233.7067258,248.1585161,-14.45186984,1.63,0.05,0.04,2057.7,3922.5,2.98,0.07,0.25,3.25,499.0032097,0.412982403,0.362716012,0.463097895,0.377849462,34985.46237,13.3983871,0.022058199,-0.364692115,1.30483871,1111.376,33944.418,14065.052,3162.6275,969.325,0.6875,0.7275,1.146,1.63775,0.657,0.5
285468.9871,23.81129032,32401.44194,1054754.084,25.35580645,25.5116129,22.62354839,23.47935484,23.04354839,23.04354839,25.33896129,24.2516129,26.80699677,24.92535161,25.6158,59.59535806,49.31224516,10.28313097,23.18603226,22.88135161,22.86152581,22.58416774,22.90431613,311.3762581,312.1832903,-0.807017806,23.02548387,22.63619355,22.91339355,116.1764032,136.6079129,-20.43149839,22.96749677,22.64786774,227.8472903,243.4548065,-15.60760194,1.60,0.06,0.04,2062.1,4013.1,2.96,0.06,0.25,3.25,489.5334839,0.421853261,0.362144052,0.451215665,0.365806452,34272.45161,13.11935484,0.008343006,-0.384861626,1.241935484,1122.75,34360.578,13699.224,3179.164,971.4,0.662,0.686,1.1248,1.6378,0.6344,0.5
285468.9871,23.81129032,32401.44194,1054754.084,25.35580645,25.5116129,22.62354839,23.47935484,23.04354839,23.04354839,25.33896129,24.2516129,26.80699677,24.92535161,25.6158,59.59535806,49.31224516,10.28313097,23.18603226,22.88135161,22.86152581,22.58416774,22.90431613,311.3762581,312.1832903,-0.807017806,23.02548387,22.63619355,22.91339355,116.1764032,136.6079129,-20.43149839,22.96749677,22.64786774,227.8472903,243.4548065,-15.60760194,1.65,0.05,0.04,2066.2,3818.3,2.94,0.06,0.25,3.25,489.5334839,0.421853261,0.362144052,0.451215665,0.365806452,34272.45161,13.11935484,0.008343006,-0.384861626,1.241935484,1122.62,34200.644,13265.402,3156.5675,967.09,0.65,0.665,1.101,1.63,0.615,0.5
285468.9871,23.81129032,32401.44194,1054754.084,25.35580645,25.5116129,22.62354839,23.47935484,23.04354839,23.04354839,25.33896129,24.2516129,26.80699677,24.92535161,25.6158,59.59535806,49.31224516,10.28313097,23.18603226,22.88135161,22.86152581,22.58416774,22.90431613,311.3762581,312.1832903,-0.807017806,23.02548387,22.63619355,22.91339355,116.1764032,136.6079129,-20.43149839,22.96749677,22.64786774,227.8472903,243.4548065,-15.60760194,1.64,0.05,0.03,2066.8,3904.3,3.00,0.06,0.25,3.25,489.5334839,0.421853261,0.362144052,0.451215665,0.365806452,34272.45161,13.11935484,0.008343006,-0.384861626,1.241935484,1129.642,34115.296,13397.832,3167.658,965.608,0.644,0.66,1.141,1.6576,0.635,0.5
285468.9871,23.81129032,32401.44194,1054754.084,25.35580645,25.5116129,22.62354839,23.47935484,23.04354839,23.04354839,25.33896129,24.2516129,26.80699677,24.92535161,25.6158,59.59535806,49.31224516,10.28313097,23.18603226,22.88135161,22.86152581,22.58416774,22.90431613,311.3762581,312.1832903,-0.807017806,23.02548387,22.63619355,22.91339355,116.1764032,136.6079129,-20.43149839,22.96749677,22.64786774,227.8472903,243.4548065,-15.60760194,1.59,0.04,0.04,2068.8,4114.5,2.95,0.06,0.25,3.25,489.5334839,0.421853261,0.362144052,0.451215665,0.365806452,34272.45161,13.11935484,0.008343006,-0.384861626,1.241935484,1119.614,34404.716,13708.272,3227.506,985.048,0.632,0.66,1.2114,1.727,0.7394,0.5
297879.0239,24.6036129,33494.67742,1093393.135,26.29425806,26.85451613,23.09793548,24.92019355,23.70193548,23.70193548,25.97369161,25.00251613,27.68433097,25.77566452,26.47806,64.79706258,53.02272645,11.77433271,23.93783032,23.64290452,23.54711226,23.22370368,23.56104516,339.9771226,337.1336129,2.843519742,23.70171484,23.30468194,23.60132194,126.105989,147.2666161,-21.16063748,23.65885097,23.32528968,248.2306129,262.7448581,-14.51431542,1.60,0.05,0.04,2074.0,4243.6,2.99,0.05,0.25,3.25,505.7019548,0.471302472,0.392559565,0.465037881,0.356258065,35352.66452,13.53419355,5.88781E-05,-0.439259312,1.397419355,1111.615,34627.28,13730.4525,3238.018,985.934,0.62,0.66,1.214,1.655,0.7938,0.5
299947.3633,24.73566667,33676.88333,1099832.977,26.45066667,27.07833333,23.177,25.16033333,23.81166667,23.81166667,26.07948,25.12766667,27.83055333,25.91738333,26.62177,65.66401333,53.64114,12.02286633,24.06313,23.76983,23.66137667,23.330293,23.6705,344.7439333,341.292,3.451942667,23.81442,23.41609667,23.71597667,127.76092,149.0430667,-21.28216067,23.77407667,23.43819333,251.6278333,265.9598667,-14.332101,1.50,0.05,0.04,2077.8,4075.6,2.96,0.06,0.25,3.25,508.3967,0.479544007,0.397628817,0.467341583,0.354666667,35532.7,13.60333333,-0.00132181,-0.448325593,1.423333333,1114.952,34524.608,13961.626,3264.466,1002.574,0.636,0.66,1.304,1.6876,0.8876,0.5
299947.3633,24.73566667,33676.88333,1099832.977,26.45066667,27.07833333,23.177,25.16033333,23.81166667,23.81166667,26.07948,25.12766667,27.83055333,25.91738333,26.62177,65.66401333,53.64114,12.02286633,24.06313,23.76983,23.66137667,23.330293,23.6705,344.7439333,341.292,3.451942667,23.81442,23.41609667,23.71597667,127.76092,149.0430667,-21.28216067,23.77407667,23.43819333,251.6278333,265.9598667,-14.332101,1.51,0.08,0.06,2079.5,4159.2,2.93,0.06,0.25,3.25,508.3967,0.479544007,0.397628817,0.467341583,0.354666667,35532.7,13.60333333,-0.00132181,-0.448325593,1.423333333,1123.948,33968.056,14095.682,3273.96,1012.752,0.668,0.664,1.369,1.701,0.915,0.5
299947.3633,24.73566667,33676.88333,1099832.977,26.45066667,27.07833333,23.177,25.16033333,23.81166667,23.81166667,26.07948,25.12766667,27.83055333,25.91738333,26.62177,65.66401333,53.64114,12.02286633,24.06313,23.76983,23.66137667,23.330293,23.6705,344.7439333,341.292,3.451942667,23.81442,23.41609667,23.71597667,127.76092,149.0430667,-21.28216067,23.77407667,23.43819333,251.6278333,265.9598667,-14.332101,1.50,0.08,0.06,2081.0,4268.6,3.02,0.10,0.25,3.25,508.3967,0.479544007,0.397628817,0.467341583,0.354666667,35532.7,13.60333333,-0.00132181,-0.448325593,1.423333333,1132.802,34065.49,14279.316,3289.818,1028.842,0.762,0.682,1.466,1.7668,0.994,0.5
295899.7087,24.4126129,33214.91129,1085405.222,26.53212903,27.11854839,22.54848387,24.45396774,23.39983871,23.39983871,25.64192645,24.65287097,27.38753484,25.49708871,26.19407839,64.61428774,52.15983419,12.45444539,23.66157,23.3430829,23.22646097,22.87873313,23.21606129,332.8849484,329.8952258,2.989716258,23.38003806,22.96205065,23.28613194,123.3767445,143.590529,-20.2137931,23.34723839,22.99331419,241.3890161,255.9092516,-14.52028642,1.47,0.07,0.06,2082.0,4514.2,2.98,0.10,0.25,3.25,499.9640419,0.473017712,0.39295644,0.461160489,0.322322581,35047.13871,13.40419355,0.003954942,-0.452517011,1.345483871,1131.836,34499.59,14538.9,3270.878,1040.612,0.772,0.688,1.414,1.7116,0.9448,0.5
292863.9677,24.17032258,32868.43226,1074584.406,26.59322581,27.14870968,22.07709677,23.92419355,23.09096774,23.09096774,25.31376129,24.29677419,27.05527097,25.18186774,25.87330968,63.82699355,51.04885484,12.77812968,23.3604,23.02302258,22.90027419,22.54006323,22.87523226,323.9907097,321.3476452,2.643046452,23.05425161,22.62151613,22.96374839,120.0886129,139.5011258,-19.41251742,23.02710968,22.65965484,233.7099032,248.3712903,-14.66142548,1.34,0.07,0.06,2085.9,4383.0,2.90,0.10,0.25,3.25,493.6395484,0.46812299,0.389452158,0.456524668,0.298064516,34682.96774,13.25483871,0.007912506,-0.455660574,1.287096774,1142.8675,34637.8125,14647.6,3269.158,1045.844,0.754,0.69,1.4292,1.7134,0.9102,0.5
292863.9677,24.17032258,32868.43226,1074584.406,26.59322581,27.14870968,22.07709677,23.92419355,23.09096774,23.09096774,25.31376129,24.29677419,27.05527097,25.18186774,25.87330968,63.82699355,51.04885484,12.77812968,23.3604,23.02302258,22.90027419,22.54006323,22.87523226,323.9907097,321.3476452,2.643046452,23.05425161,22.62151613,22.96374839,120.0886129,139.5011258,-19.41251742,23.02710968,22.65965484,233.7099032,248.3712903,-14.66142548,1.36,0.08,0.05,2085.8,4250.6,2.88,0.10,0.25,3.25,493.6395484,0.46812299,0.389452158,0.456524668,0.298064516,34682.96774,13.25483871,0.007912506,-0.455660574,1.287096774,1144.114,34898.614,14605.242,3239.456,1048.25,0.77,0.7,1.4084,1.6558,0.93,0.5
292863.9677,24.17032258,32868.43226,1074584.406,26.59322581,27.14870968,22.07709677,23.92419355,23.09096774,23.09096774,25.31376129,24.29677419,27.05527097,25.18186774,25.87330968,63.82699355,51.04885484,12.77812968,23.3604,23.02302258,22.90027419,22.54006323,22.87523226,323.9907097,321.3476452,2.643046452,23.05425161,22.62151613,22.96374839,120.0886129,139.5011258,-19.41251742,23.02710968,22.65965484,233.7099032,248.3712903,-14.66142548,1.26,0.07,0.05,2086.2,4348.4,2.78,0.10,0.25,3.25,493.6395484,0.46812299,0.389452158,0.456524668,0.298064516,34682.96774,13.25483871,0.007912506,-0.455660574,1.287096774,1150.834,34631.386,14585.48,3227.862,1041.026,0.758,0.7,1.4032,1.6322,0.931,0.5
293104.729,24.1883871,32899.76452,1075726.945,26.6416129,27.19903226,22.03612903,23.75709677,23.10677419,23.10677419,25.31736129,24.30870968,27.06610968,25.19042581,25.88374194,64.2029,51.36855806,12.83433516,23.36480645,23.01957419,22.89752581,22.53593742,22.87106774,322.1772581,320.8600645,1.317187419,23.05453226,22.61081935,22.96336774,118.5983871,139.0295968,-20.43121355,23.02795806,22.65195484,231.3603871,247.5680323,-16.20767806,1.26,0.07,0.05,2087.0,4552.6,2.80,0.10,0.25,3.25,493.6872258,0.480680942,0.394258542,0.45517339,0.296774194,34671.22581,13.2516129,-0.001637813,-0.493973077,1.274193548,1152.258,35030.752,14742.962,3257.41,1048.236,0.76,0.7,1.4284,1.6544,0.9676,0.5
294549.2968,24.29677419,33087.75806,1082582.177,26.93193548,27.50096774,21.79032258,22.75451613,23.2016129,23.2016129,25.33896129,24.38032258,27.13114194,25.24177419,25.94633548,66.45833871,53.28677742,13.17156806,23.39124516,22.99888387,22.88103548,22.51118258,22.84608065,311.2965484,317.9345806,-6.637966774,23.05621613,22.54663871,22.96108387,109.6570323,136.2004226,-26.54339032,23.03304839,22.60575484,217.2632903,242.7484839,-25.48519355,1.22,0.07,0.06,2088.5,4618.8,2.77,0.09,0.25,3.25,493.9732903,0.556028652,0.423096845,0.447065726,0.289032258,34600.77419,13.23225806,-0.058939729,-0.723848097,1.196774194,1146.312,35003.998,14790.754,3220.78,1051.772,0.76,0.714,1.4214,1.6656,1.002,0.5
294549.2968,24.29677419,33087.75806,1082582.177,26.93193548,27.50096774,21.79032258,22.75451613,23.2016129,23.2016129,25.33896129,24.38032258,27.13114194,25.24177419,25.94633548,66.45833871,53.28677742,13.17156806,23.39124516,22.99888387,22.88103548,22.51118258,22.84608065,311.2965484,317.9345806,-6.637966774,23.05621613,22.54663871,22.96108387,109.6570323,136.2004226,-26.54339032,23.03304839,22.60575484,217.2632903,242.7484839,-25.48519355,1.34,0.08,0.06,2090.3,4304.8,2.87,0.10,0.25,3.25,493.9732903,0.556028652,0.423096845,0.447065726,0.289032258,34600.77419,13.23225806,-0.058939729,-0.723848097,1.196774194,1157.112,35373.344,14810.514,3115.09,997.795,0.765,0.7525,1.37875,1.61975,0.991,0.5
294549.2968,24.29677419,33087.75806,1082582.177,26.93193548,27.50096774,21.79032258,22.75451613,23.2016129,23.2016129,25.33896129,24.38032258,27.13114194,25.24177419,25.94633548,66.45833871,53.28677742,13.17156806,23.39124516,22.99888387,22.88103548,22.51118258,22.84608065,311.2965484,317.9345806,-6.637966774,23.05621613,22.54663871,22.96108387,109.6570323,136.2004226,-26.54339032,23.03304839,22.60575484,217.2632903,242.7484839,-25.48519355,1.26,0.07,0.05,2089.9,4364.7,2.86,0.10,0.25,3.25,493.9732903,0.556028652,0.423096845,0.447065726,0.289032258,34600.77419,13.23225806,-0.058939729,-0.723848097,1.196774194,1173.666,35188.714,14646.46,3127.55,1013.618,0.826,0.83,1.4136,1.667,1.0388,0.6
294549.2968,24.29677419,33087.75806,1082582.177,26.93193548,27.50096774,21.79032258,22.75451613,23.2016129,23.2016129,25.33896129,24.38032258,27.13114194,25.24177419,25.94633548,66.45833871,53.28677742,13.17156806,23.39124516,22.99888387,22.88103548,22.51118258,22.84608065,311.2965484,317.9345806,-6.637966774,23.05621613,22.54663871,22.96108387,109.6570323,136.2004226,-26.54339032,23.03304839,22.60575484,217.2632903,242.7484839,-25.48519355,1.31,0.07,0.06,2090.9,4545.9,2.87,0.09,0.25,3.25,493.9732903,0.556028652,0.423096845,0.447065726,0.289032258,34600.77419,13.23225806,-0.058939729,-0.723848097,1.196774194,1166.356,35355.278,15015.924,3185.478,1043.438,0.89,0.92,1.4138,1.6716,1.0448,0.75
305592.7919,24.94193548,34489.47849,1114553.11,27.81650538,28.62075269,22.43247312,24.28462366,23.82403226,23.82403226,25.94226989,25.04580645,27.85202151,25.88521882,26.62825538,69.94431344,55.05471022,14.88961183,23.95782957,23.52645968,23.40683871,23.05333312,23.37400161,335.4655376,341.3054516,-5.839941935,23.61275699,23.04863511,23.50030968,118.7845473,146.4376065,-27.65305914,23.5875043,23.11685043,237.6977258,261.7337097,-24.0358672,1.30,0.07,0.06,2092.9,4698.2,2.87,0.08,0.25,3.25,506.9388925,0.606221512,0.45541393,0.463438465,0.310913978,35556.93548,13.58064516,-0.049295073,-0.785451609,1.108602151,1159.414,35377.202,15305.842,3158.84,1043.428,0.898,0.93,1.4824,1.736,1.0404,0.75
310010.19,25.2,35050.16667,1127341.483,28.17033333,29.06866667,22.68933333,24.89666667,24.073,24.073,26.18359333,25.312,28.14037333,26.14259667,26.90102333,71.33870333,55.76188333,15.57682933,24.18446333,23.73749,23.61716,23.27019333,23.58517,345.1331333,350.6538,-5.520732,23.83537333,23.24943367,23.716,122.4355533,150.53248,-28.09692667,23.80928667,23.32128867,245.8715,269.3278,-23.45613667,1.35,0.08,0.06,2096.8,4409.5,2.88,0.08,0.25,3.25,512.1251333,0.626298657,0.468340763,0.46998756,0.319666667,35939.4,13.72,-0.04543721,-0.810093013,1.073333333,1167.0825,34904.5425,15256.1775,3140.138,1038.484,0.938,1.006,1.5194,1.765,1.0854,0.75
310010.19,25.2,35050.16667,1127341.483,28.17033333,29.06866667,22.68933333,24.89666667,24.073,24.073,26.18359333,25.312,28.14037333,26.14259667,26.90102333,71.33870333,55.76188333,15.57682933,24.18446333,23.73749,23.61716,23.27019333,23.58517,345.1331333,350.6538,-5.520732,23.83537333,23.24943367,23.716,122.4355533,150.53248,-28.09692667,23.80928667,23.32128867,245.8715,269.3278,-23.45613667,1.33,0.07,0.05,2097.2,4364.4,2.86,0.08,0.25,3.25,512.1251333,0.626298657,0.468340763,0.46998756,0.319666667,35939.4,13.72,-0.04543721,-0.810093013,1.073333333,1171.838,34719.558,15106.152,3126.41,1036.645,0.965,1.02,1.5665,1.837,1.087,0.75
310010.19,25.2,35050.16667,1127341.483,28.17033333,29.06866667,22.68933333,24.89666667,24.073,24.073,26.18359333,25.312,28.14037333,26.14259667,26.90102333,71.33870333,55.76188333,15.57682933,24.18446333,23.73749,23.61716,23.27019333,23.58517,345.1331333,350.6538,-5.520732,23.83537333,23.24943367,23.716,122.4355533,150.53248,-28.09692667,23.80928667,23.32128867,245.8715,269.3278,-23.45613667,1.37,0.07,0.05,2098.3,4480.0,2.88,0.08,0.25,3.25,512.1251333,0.626298657,0.468340763,0.46998756,0.319666667,35939.4,13.72,-0.04543721,-0.810093013,1.073333333,1180.86,34342.29,14891.418,3075.966,1007.052,0.97,1.038,1.6008,1.9322,1.0996,0.75
306247.8155,24.96,34724.36022,1113841.804,28.0412043,29.29873118,22.26533333,24.27376344,23.7576129,23.7576129,25.89716946,25.05109677,27.85503914,25.85246215,26.61584882,69.8186572,52.73634624,17.08231824,23.85193527,23.37955419,23.28222645,22.9514914,23.24953677,343.3326753,345.4054065,-2.072721097,23.50932624,22.91108518,23.38192581,123.9103249,149.7039729,-25.79364796,23.48224538,22.98128486,246.1629355,267.900729,-21.73772441,1.51,0.08,0.05,2100.1,4641.1,3.01,0.08,0.25,3.25,505.7771591,0.537339876,0.423886984,0.464218126,0.335569892,35533.50968,13.56903226,-0.017457562,-0.641016838,1.029462366,1182.44,34346.092,14608.874,2946.56,946.0675,0.9875,1.0475,1.6935,2.0465,1.15125,0.75
301231.3161,24.64,34289.95161,1095842.232,27.86903226,29.60548387,21.7,23.44322581,23.33709677,23.33709677,25.51527097,24.70322581,27.47459355,25.46561613,26.23561613,67.79192903,48.70229677,19.08963677,23.40856452,22.90230645,22.83564839,22.52655548,22.80202581,340.9320645,338.4075484,2.524626774,23.07459677,22.45995387,22.93649355,125.8766871,148.5992968,-22.72260968,23.04619032,22.52794645,246.5515161,265.9979677,-19.44650806,1.55,0.09,0.06,2101.9,4642.1,2.99,0.08,0.25,3.25,497.3131935,0.418728168,0.364615277,0.456525548,0.356774194,34992.32258,13.36774194,0.019848635,-0.415581939,0.970967742,1189.73,34447.154,14484.956,2966.1225,966.8975,1.0075,1.0675,1.81175,2.116,1.17825,0.75
301231.3161,24.64,34289.95161,1095842.232,27.86903226,29.60548387,21.7,23.44322581,23.33709677,23.33709677,25.51527097,24.70322581,27.47459355,25.46561613,26.23561613,67.79192903,48.70229677,19.08963677,23.40856452,22.90230645,22.83564839,22.52655548,22.80202581,340.9320645,338.4075484,2.524626774,23.07459677,22.45995387,22.93649355,125.8766871,148.5992968,-22.72260968,23.04619032,22.52794645,246.5515161,265.9979677,-19.44650806,1.57,0.10,0.06,2105.0,4440.5,3.05,0.08,0.25,3.25,497.3131935,0.418728168,0.364615277,0.456525548,0.356774194,34992.32258,13.36774194,0.019848635,-0.415581939,0.970967742,1190.3125,34740.8675,14689.5825,3012.468,997.92,1.03,1.088,1.8626,2.1614,1.192,0.75
301231.3161,24.64,34289.95161,1095842.232,27.86903226,29.60548387,21.7,23.44322581,23.33709677,23.33709677,25.51527097,24.70322581,27.47459355,25.46561613,26.23561613,67.79192903,48.70229677,19.08963677,23.40856452,22.90230645,22.83564839,22.52655548,22.80202581,340.9320645,338.4075484,2.524626774,23.07459677,22.45995387,22.93649355,125.8766871,148.5992968,-22.72260968,23.04619032,22.52794645,246.5515161,265.9979677,-19.44650806,1.65,0.10,0.06,2105.4,4527.7,3.09,0.08,0.25,3.25,497.3131935,0.418728168,0.364615277,0.456525548,0.356774194,34992.32258,13.36774194,0.019848635,-0.415581939,0.970967742,1178.404,35521.072,15115.696,3015.068,1001.496,1.072,1.1,2.006,2.3032,1.2954,0.75
301231.3161,24.64,34289.95161,1095842.232,27.86903226,29.60548387,21.7,23.44322581,23.33709677,23.33709677,25.51527097,24.70322581,27.47459355,25.46561613,26.23561613,67.79192903,48.70229677,19.08963677,23.40856452,22.90230645,22.83564839,22.52655548,22.80202581,340.9320645,338.4075484,2.524626774,23.07459677,22.45995387,22.93649355,125.8766871,148.5992968,-22.72260968,23.04619032,22.52794645,246.5515161,265.9979677,-19.44650806,1.59,0.12,0.06,2107.6,4664.8,3.14,0.08,0.25,3.25,497.3131935,0.418728168,0.364615277,0.456525548,0.356774194,34992.32258,13.36774194,0.019848635,-0.415581939,0.970967742,1169.728,35707.752,15328.954,2984.126,1003.158,1.132,1.124,2.0332,2.2768,1.4208,0.75
312814.74,25.64333333,35793.00667,1146777.987,28.52966667,30.29133333,21.64166667,24.50466667,24.23633333,24.23633333,26.46989333,25.641,28.5649,26.42691333,27.26843,75.95590333,59.22324333,16.73266,24.18063667,23.56489333,23.59581,23.27570467,23.52893667,364.1887667,374.3686333,-10.17966367,23.84013333,23.165345,23.68081333,130.0614933,160.50111,-30.43961667,23.81381333,23.226231,262.2596667,289.9584333,-27.69867333,1.54,0.15,0.07,2109.9,4780.8,3.09,0.08,0.25,3.25,516.026,0.57862945,0.463729023,0.489040533,0.364,36352.63333,13.88333333,0.038266177,-0.60667082,0.91,1181.876,36115.246,15793.8,2949.31,1000.13,1.158,1.146,1.9058,2.1344,1.3254,0.75
312814.74,25.64333333,35793.00667,1146777.987,28.52966667,30.29133333,21.64166667,24.50466667,24.23633333,24.23633333,26.46989333,25.641,28.5649,26.42691333,27.26843,75.95590333,59.22324333,16.73266,24.18063667,23.56489333,23.59581,23.27570467,23.52893667,364.1887667,374.3686333,-10.17966367,23.84013333,23.165345,23.68081333,130.0614933,160.50111,-30.43961667,23.81381333,23.226231,262.2596667,289.9584333,-27.69867333,1.53,0.15,0.07,2112.9,4483.6,2.98,0.08,0.25,3.25,516.026,0.57862945,0.463729023,0.489040533,0.364,36352.63333,13.88333333,0.038266177,-0.60667082,0.91,1179.9175,36233.1125,15838.1425,2975.51,1034.088,1.176,1.154,1.9536,2.1524,1.2784,0.75
312814.74,25.64333333,35793.00667,1146777.987,28.52966667,30.29133333,21.64166667,24.50466667,24.23633333,24.23633333,26.46989333,25.641,28.5649,26.42691333,27.26843,75.95590333,59.22324333,16.73266,24.18063667,23.56489333,23.59581,23.27570467,23.52893667,364.1887667,374.3686333,-10.17966367,23.84013333,23.165345,23.68081333,130.0614933,160.50111,-30.43961667,23.81381333,23.226231,262.2596667,289.9584333,-27.69867333,1.60,0.16,0.06,2114.9,4544.3,3.10,0.08,0.25,3.25,516.026,0.57862945,0.463729023,0.489040533,0.364,36352.63333,13.88333333,0.038266177,-0.60667082,0.91,1183.132,35926.73,15960.086,2984.316,1017.542,1.258,1.214,1.9716,2.1892,1.3304,0.85
312814.74,25.64333333,35793.00667,1146777.987,28.52966667,30.29133333,21.64166667,24.50466667,24.23633333,24.23633333,26.46989333,25.641,28.5649,26.42691333,27.26843,75.95590333,59.22324333,16.73266,24.18063667,23.56489333,23.59581,23.27570467,23.52893667,364.1887667,374.3686333,-10.17966367,23.84013333,23.165345,23.68081333,130.0614933,160.50111,-30.43961667,23.81381333,23.226231,262.2596667,289.9584333,-27.69867333,1.61,0.19,0.09,2117.1,4683.1,3.10,0.08,0.25,3.25,516.026,0.57862945,0.463729023,0.489040533,0.364,36352.63333,13.88333333,0.038266177,-0.60667082,0.91,1189.02,35534.1925,15741.6975,2912.33,982.204,1.338,1.26,1.8402,2.0078,1.3644,1
306565.9142,25.04924731,35237.13785,1125782.128,27.63197849,29.17563441,21.03010753,24.71262366,23.70531183,23.70531183,25.80600409,25.126,28.01594839,25.86536925,26.79277032,76.62084796,56.6040557,20.01679387,23.61314043,22.9583428,23.04945032,22.73562714,22.96187591,356.8234495,364.7897247,-7.966172108,23.27327312,22.59806194,23.11467247,125.4739428,155.481331,-30.00738817,23.25033376,22.65255794,252.1976237,281.5752667,-29.37768086,1.43,0.24,0.10,2121.0,4887.4,3.11,0.08,0.25,3.25,506.1161613,0.587953119,0.462960732,0.477145544,0.341096774,35504.53118,13.54731183,0.025721774,-0.645714214,0.856774194,1184.576,34572.314,15408.272,3001.314,1005.798,1.35,1.27,1.8334,2.006,1.3596,1
304066.3839,24.8116129,35014.79032,1117383.784,27.27290323,28.72935484,20.78548387,24.79580645,23.49290323,23.49290323,25.54044839,24.92,27.79636774,25.64075161,26.60250645,76.88682581,55.55638065,21.33044742,23.38614194,22.71572258,22.83090645,22.51959613,22.73505161,353.8773226,360.9581613,-7.080775484,23.04652903,22.37114871,22.88821613,123.6389226,153.4734194,-29.83449677,23.02494194,22.42308871,248.1728065,278.222,-30.04928387,1.48,0.27,0.13,2121.6,4616.5,3.10,0.08,0.25,3.25,502.1522258,0.591682587,0.462653416,0.472387548,0.331935484,35165.29032,13.41290323,0.020704013,-0.661331571,0.835483871,1178.26,35685.378,15569.406,3000.628,1004.282,1.36,1.27,1.783,1.964,1.2968,1
304066.3839,24.8116129,35014.79032,1117383.784,27.27290323,28.72935484,20.78548387,24.79580645,23.49290323,23.49290323,25.54044839,24.92,27.79636774,25.64075161,26.60250645,76.88682581,55.55638065,21.33044742,23.38614194,22.71572258,22.83090645,22.51959613,22.73505161,353.8773226,360.9581613,-7.080775484,23.04652903,22.37114871,22.88821613,123.6389226,153.4734194,-29.83449677,23.02494194,22.42308871,248.1728065,278.222,-30.04928387,1.44,0.25,0.13,2122.6,4600.7,3.12,0.08,0.25,3.25,502.1522258,0.591682587,0.462653416,0.472387548,0.331935484,35165.29032,13.41290323,0.020704013,-0.661331571,0.835483871,1183.514,35677.128,15313.322,2986.622,999.594,1.368,1.27,1.764,1.95,1.2788,1
304066.3839,24.8116129,35014.79032,1117383.784,27.27290323,28.72935484,20.78548387,24.79580645,23.49290323,23.49290323,25.54044839,24.92,27.79636774,25.64075161,26.60250645,76.88682581,55.55638065,21.33044742,23.38614194,22.71572258,22.83090645,22.51959613,22.73505161,353.8773226,360.9581613,-7.080775484,23.04652903,22.37114871,22.88821613,123.6389226,153.4734194,-29.83449677,23.02494194,22.42308871,248.1728065,278.222,-30.04928387,1.47,0.26,0.17,2128.7,4839.5,3.05,0.08,0.25,3.25,502.1522258,0.591682587,0.462653416,0.472387548,0.331935484,35165.29032,13.41290323,0.020704013,-0.661331571,0.835483871,1190.305,35532.3275,15374.3225,2997.6825,1025.2075,1.39,1.284,1.7884,1.9958,1.2952,1
304465.8613,24.88645161,35198.49355,1119778.861,27.36645161,29.09258065,20.89129032,24.40935484,23.54516129,23.54516129,25.57643548,24.94129032,27.85831613,25.69125484,26.68534516,76.03438065,55.29050323,20.74387968,23.37569677,22.68522581,22.82624194,22.51011161,22.72370323,347.2419677,357.377,-10.13500194,23.03744516,22.34770097,22.87646774,121.0833097,152.8645871,-31.78127742,23.01589677,22.4015371,243.5335806,275.9897419,-32.45627097,1.51,0.36,0.20,2138.7,5033.6,3.11,0.08,0.25,3.25,502.7786129,0.56726,0.452567894,0.474862574,0.350645161,35157.93548,13.39354839,0.035401168,-0.616409294,0.880645161,1187.2675,36396.825,15790.19,2961.48,1010.914,1.398,1.3,1.9328,2.1742,1.3264,1
305464.5548,25.07354839,35657.75161,1125766.555,27.60032258,30.00064516,21.15580645,23.44322581,23.67580645,23.67580645,25.66640323,24.99451613,28.0131871,25.8175129,26.89244194,73.90326774,54.62580968,19.27746032,23.34958387,22.60898387,22.81458065,22.48640032,22.69533226,330.6535806,348.4240968,-17.77056806,23.01473548,22.28908161,22.84709677,114.6942774,151.3425065,-36.64822903,22.99328387,22.34765806,231.9355161,270.4090968,-38.47373871,1.70,0.40,0.23,2136.8,5016.8,3.22,0.08,0.25,3.25,504.3445806,0.506203532,0.427354087,0.481050139,0.397419355,35139.54839,13.34516129,0.072144055,-0.5041036,0.993548387,1197.468,36451.99,15314.49,2942.118,979.254,1.394,1.338,2.0182,2.219,1.377,1.05
305464.5548,25.07354839,35657.75161,1125766.555,27.60032258,30.00064516,21.15580645,23.44322581,23.67580645,23.67580645,25.66640323,24.99451613,28.0131871,25.8175129,26.89244194,73.90326774,54.62580968,19.27746032,23.34958387,22.60898387,22.81458065,22.48640032,22.69533226,330.6535806,348.4240968,-17.77056806,23.01473548,22.28908161,22.84709677,114.6942774,151.3425065,-36.64822903,22.99328387,22.34765806,231.9355161,270.4090968,-38.47373871,1.75,0.45,0.29,2133.5,4664.2,3.45,0.08,0.25,3.25,504.3445806,0.506203532,0.427354087,0.481050139,0.397419355,35139.54839,13.34516129,0.072144055,-0.5041036,0.993548387,1191.2,36127.328,14997.046,2858.718,947.458,1.498,1.454,2.1198,2.3366,1.4748,1.25
305464.5548,25.07354839,35657.75161,1125766.555,27.60032258,30.00064516,21.15580645,23.44322581,23.67580645,23.67580645,25.66640323,24.99451613,28.0131871,25.8175129,26.89244194,73.90326774,54.62580968,19.27746032,23.34958387,22.60898387,22.81458065,22.48640032,22.69533226,330.6535806,348.4240968,-17.77056806,23.01473548,22.28908161,22.84709677,114.6942774,151.3425065,-36.64822903,22.99328387,22.34765806,231.9355161,270.4090968,-38.47373871,1.82,0.55,0.36,2132.8,4713.8,3.56,0.08,0.25,3.25,504.3445806,0.506203532,0.427354087,0.481050139,0.397419355,35139.54839,13.34516129,0.072144055,-0.5041036,0.993548387,1191.77,34844.47,14192.525,2699.892,881.806,1.502,1.486,2.1696,2.3848,1.518,1.25
305464.5548,25.07354839,35657.75161,1125766.555,27.60032258,30.00064516,21.15580645,23.44322581,23.67580645,23.67580645,25.66640323,24.99451613,28.0131871,25.8175129,26.89244194,73.90326774,54.62580968,19.27746032,23.34958387,22.60898387,22.81458065,22.48640032,22.69533226,330.6535806,348.4240968,-17.77056806,23.01473548,22.28908161,22.84709677,114.6942774,151.3425065,-36.64822903,22.99328387,22.34765806,231.9355161,270.4090968,-38.47373871,1.79,0.67,0.41,2132.6,4783.3,3.55,0.08,0.25,3.25,504.3445806,0.506203532,0.427354087,0.481050139,0.397419355,35139.54839,13.34516129,0.072144055,-0.5041036,0.993548387,1200.698,34343.314,13611.978,2729.04,897.235,1.51,1.5,2.176,2.3955,1.5385,1.25
332216.7293,27.48979263,39457.2288,1232419.808,30.70504608,34.05652074,22.73225806,23.86046083,25.97225806,25.97225806,28.16692189,27.51278802,30.80039101,28.3919947,29.60194171,57.14685968,47.83930853,9.307560046,25.43320484,24.50131841,24.88022581,24.45470647,24.73652604,351.8367258,366.1831567,-14.34645972,25.09788364,24.22633666,24.89361382,131.8795396,161.3030366,-29.423497,25.07189055,24.30074329,264.3209309,291.6322995,-27.31149839,1.83,0.77,0.49,2134.0,4938.6,3.55,0.08,0.25,3.25,550.3306544,0.635333105,0.520503412,0.539837463,0.470345622,38650.36406,14.67788018,0.104933344,-0.639587457,1.020506912,1204.74,35273.466,14196.052,2756.004,895.66,1.48,1.5,2.2852,2.517,1.5482,1.25
336675.425,27.8925,40090.475,1250195.35,31.2225,34.7325,22.995,23.93,26.355,26.355,28.583675,27.9325,31.264925,28.821075,30.053525,54.354125,46.708225,7.64591,25.780475,24.8167075,25.2245,24.7827575,25.076725,355.36725,369.143,-13.775775,25.445075,24.5492125,25.2347,134.74375,162.963125,-28.219375,25.418325,24.6262575,269.7185,295.1695,-25.451125,1.95,0.94,0.64,2137.3,4587.2,3.69,0.08,0.25,3.25,557.995,0.6568547,0.5360283,0.54963535,0.4825,39235.5,14.9,0.110398225,-0.6621681,1.025,1197.616,35260.324,14135.456,2719.862,865.358,1.468,1.5,2.3268,2.5116,1.5594,1.25
336675.425,27.8925,40090.475,1250195.35,31.2225,34.7325,22.995,23.93,26.355,26.355,28.583675,27.9325,31.264925,28.821075,30.053525,54.354125,46.708225,7.64591,25.780475,24.8167075,25.2245,24.7827575,25.076725,355.36725,369.143,-13.775775,25.445075,24.5492125,25.2347,134.74375,162.963125,-28.219375,25.418325,24.6262575,269.7185,295.1695,-25.451125,1.99,1.03,0.69,2138.9,4622.7,3.92,0.08,0.25,3.25,557.995,0.6568547,0.5360283,0.54963535,0.4825,39235.5,14.9,0.110398225,-0.6621681,1.025,1197.258,34576.098,13863.912,2699.136,870.176,1.46,1.5,2.2954,2.5006,1.5398,1.25
336675.425,27.8925,40090.475,1250195.35,31.2225,34.7325,22.995,23.93,26.355,26.355,28.583675,27.9325,31.264925,28.821075,30.053525,54.354125,46.708225,7.64591,25.780475,24.8167075,25.2245,24.7827575,25.076725,355.36725,369.143,-13.775775,25.445075,24.5492125,25.2347,134.74375,162.963125,-28.219375,25.418325,24.6262575,269.7185,295.1695,-25.451125,1.97,1.12,0.71,2142.6,4752.6,3.89,0.08,0.25,3.25,557.995,0.6568547,0.5360283,0.54963535,0.4825,39235.5,14.9,0.110398225,-0.6621681,1.025,1197.44,33502.7375,13396.8025,2715.8025,897.45,1.4575,1.5,2.2095,2.4445,1.51575,1.25
313303.7474,25.90786866,36712.58491,1150916.581,30.12487327,33.88759217,21.045,24.71663594,24.30048387,24.30048387,26.21267892,26.14197005,29.04110173,26.71314159,27.90928329,61.20060403,50.93795196,10.26266318,23.55566048,22.49605425,23.08342903,22.56290619,22.95352477,374.5695242,389.7820046,-15.21249366,23.29505588,22.40584971,23.08407327,140.1685007,175.29964,-35.13113929,23.26856993,22.47830775,280.2375369,313.2312005,-32.99385565,1.80,0.99,0.65,2148.0,4959.9,3.76,0.08,0.25,3.25,516.6461521,0.685649057,0.535666846,0.503986787,0.481186636,36206.23272,13.74147465,0.082949865,-0.674861985,0.881912442,1206.052,33697.672,13577.452,2653.8275,883.1175,1.45,1.5,2.27425,2.51225,1.54025,1.25
309408.4677,25.57709677,36149.60323,1134370.119,29.94193548,33.74677419,20.72,24.84774194,23.95806452,23.95806452,25.8175129,25.84354839,28.67046452,26.36181935,27.55190968,62.34168387,51.64290645,10.69878871,23.18485806,22.10927871,22.72658387,22.19293097,22.59965806,377.7699032,393.2218387,-15.45194677,22.93671935,22.04862258,22.72563548,141.0726258,177.3557258,-36.2831,22.91027742,22.12031613,281.9907097,316.2414839,-34.25097742,1.91,1.10,0.73,2157.2,4690.7,3.85,0.08,0.25,3.25,509.7546774,0.690448116,0.535606603,0.496378694,0.480967742,35701.35484,13.5483871,0.078375139,-0.676977632,0.858064516,1231.53,32970.906,12971.166,2665.588,894.51,1.45,1.5,2.2568,2.5098,1.5388,1.25
309408.4677,25.57709677,36149.60323,1134370.119,29.94193548,33.74677419,20.72,24.84774194,23.95806452,23.95806452,25.8175129,25.84354839,28.67046452,26.36181935,27.55190968,62.34168387,51.64290645,10.69878871,23.18485806,22.10927871,22.72658387,22.19293097,22.59965806,377.7699032,393.2218387,-15.45194677,22.93671935,22.04862258,22.72563548,141.0726258,177.3557258,-36.2831,22.91027742,22.12031613,281.9907097,316.2414839,-34.25097742,2.16,1.21,0.82,2162.2,4744.2,4.16,0.08,0.25,3.25,509.7546774,0.690448116,0.535606603,0.496378694,0.480967742,35701.35484,13.5483871,0.078375139,-0.676977632,0.858064516,1227.736,33957.674,13295.002,2718.148,928.016,1.468,1.504,2.4106,2.6362,1.5688,1.25
309408.4677,25.57709677,36149.60323,1134370.119,29.94193548,33.74677419,20.72,24.84774194,23.95806452,23.95806452,25.8175129,25.84354839,28.67046452,26.36181935,27.55190968,62.34168387,51.64290645,10.69878871,23.18485806,22.10927871,22.72658387,22.19293097,22.59965806,377.7699032,393.2218387,-15.45194677,22.93671935,22.04862258,22.72563548,141.0726258,177.3557258,-36.2831,22.91027742,22.12031613,281.9907097,316.2414839,-34.25097742,2.37,1.49,0.94,2166.3,4893.4,4.42,0.33,0.50,3.50,509.7546774,0.690448116,0.535606603,0.496378694,0.480967742,35701.35484,13.5483871,0.078375139,-0.676977632,0.858064516,1218.07,34657.626,14046.204,2742.974,937.822,1.538,1.51,2.7018,2.8918,1.7694,1.25
314509.9187,26.12548387,36783.49613,1150882.717,30.56667742,34.14387097,20.684,23.75570968,24.37332258,24.37332258,26.23095452,26.27874194,29.21047258,26.81035677,28.06322839,62.98578935,51.76029226,11.22550155,23.48325032,22.33758955,23.02880935,22.41194784,22.89976732,369.8523161,385.2069935,-15.35471987,23.24436677,22.3258569,23.01735742,137.005039,172.786229,-35.78119,23.2183171,22.39686165,273.4495484,307.9087194,-34.4593171,2.39,1.61,1.03,2169.4,5065.1,4.67,0.33,0.50,3.50,518.2516871,0.733832121,0.573144046,0.519800608,0.54983871,36199.87419,13.73193548,0.139725824,-0.715422911,0.820322581,1215.994,34995.102,14379.766,2729.676,941.12,1.54,1.51,2.9098,3.0614,1.9048,1.25
321311.8533,26.85666667,37628.68667,1172899.513,31.39966667,34.67333333,20.636,22.29966667,24.927,24.927,26.78221,26.859,29.93048333,27.40840667,28.74498667,63.84459667,51.91680667,11.92778533,23.88110667,22.642004,23.43177667,22.70397033,23.299913,359.2955333,374.5205333,-15.225084,23.65456333,22.69550267,23.40632,131.58159,166.6935667,-35.11197667,23.62903667,22.765589,262.0613333,296.7983667,-34.73710333,2.59,1.69,1.13,2172.8,4966.8,4.72,0.33,0.50,3.50,529.5810333,0.79167746,0.62319397,0.551029827,0.641666667,36864.56667,13.97666667,0.221526737,-0.766683283,0.77,1216.782,34672.852,14046.768,2697.824,923.082,1.566,1.594,3.0248,3.2084,2.0302,1.35
321311.8533,26.85666667,37628.68667,1172899.513,31.39966667,34.67333333,20.636,22.29966667,24.927,24.927,26.78221,26.859,29.93048333,27.40840667,28.74498667,63.84459667,51.91680667,11.92778533,23.88110667,22.642004,23.43177667,22.70397033,23.299913,359.2955333,374.5205333,-15.225084,23.65456333,22.69550267,23.40632,131.58159,166.6935667,-35.11197667,23.62903667,22.765589,262.0613333,296.7983667,-34.73710333,2.76,1.71,1.20,2174.5,4796.9,5.00,0.33,0.50,3.50,529.5810333,0.79167746,0.62319397,0.551029827,0.641666667,36864.56667,13.97666667,0.221526737,-0.766683283,0.77,1230.19,34386.065,13444.55,2712.742,926.236,1.652,1.72,2.9652,3.2076,1.934,1.5
321311.8533,26.85666667,37628.68667,1172899.513,31.39966667,34.67333333,20.636,22.29966667,24.927,24.927,26.78221,26.859,29.93048333,27.40840667,28.74498667,63.84459667,51.91680667,11.92778533,23.88110667,22.642004,23.43177667,22.70397033,23.299913,359.2955333,374.5205333,-15.225084,23.65456333,22.69550267,23.40632,131.58159,166.6935667,-35.11197667,23.62903667,22.765589,262.0613333,296.7983667,-34.73710333,2.89,1.89,1.27,2174.4,4935.1,5.11,0.33,0.50,3.50,529.5810333,0.79167746,0.62319397,0.551029827,0.641666667,36864.56667,13.97666667,0.221526737,-0.766683283,0.77,1236.666,34617.568,13283.806,2665.408,900.83,1.662,1.72,2.8938,3.1222,1.8754,1.5
319754.3955,26.75935484,37517.8729,1168395.692,31.38625806,34.69516129,20.59058065,22.36496774,24.83374194,24.83374194,26.6515929,26.76619355,29.82439032,27.31784903,28.65107935,64.66732387,51.90304581,12.76427277,23.76426194,22.522442,23.32252516,22.57890632,23.18509529,360.4690194,375.2487613,-14.77981006,23.53953032,22.57847574,23.28719968,131.7999039,166.9233419,-35.12343806,23.51424387,22.64863942,262.5823548,297.5614065,-34.97912129,2.83,1.95,1.37,2175.5,4950.4,5.10,0.33,0.50,3.50,527.2194387,0.795827709,0.626963373,0.551578264,0.643548387,36714.61935,13.92193548,0.228715473,-0.762202974,0.769677419,1261.392,33497.034,12638.138,2672.4975,898.4175,1.6625,1.72,3.13725,3.3565,1.95325,1.5
310409.6484,26.17548387,36852.99032,1141372.761,31.30580645,34.82612903,20.31806452,22.75677419,24.27419355,24.27419355,25.86789032,26.20935484,29.18783226,26.77450323,28.08763548,69.6036871,51.82048065,17.78319742,23.06319355,21.80507,22.66701613,21.82852226,22.49618903,367.5099355,379.618129,-12.10816645,22.84933226,21.87631419,22.57247774,133.1097871,168.3019935,-35.19220645,22.8254871,21.94694194,265.7084839,302.1396452,-36.43122903,3.01,2.00,1.39,2177.5,5044.9,5.27,0.33,0.50,3.50,513.049871,0.820729203,0.64957979,0.554868887,0.65483871,35814.93548,13.59354839,0.27184789,-0.735321119,0.767741935,1265.382,33229.738,12505.398,2590.792,854.012,1.672,1.72,2.9694,3.1992,1.8866,1.5
310409.6484,26.17548387,36852.99032,1141372.761,31.30580645,34.82612903,20.31806452,22.75677419,24.27419355,24.27419355,25.86789032,26.20935484,29.18783226,26.77450323,28.08763548,69.6036871,51.82048065,17.78319742,23.06319355,21.80507,22.66701613,21.82852226,22.49618903,367.5099355,379.618129,-12.10816645,22.84933226,21.87631419,22.57247774,133.1097871,168.3019935,-35.19220645,22.8254871,21.94694194,265.7084839,302.1396452,-36.43122903,2.94,1.89,1.40,2179.7,4834.6,5.30,0.83,1.00,4.00,513.049871,0.820729203,0.64957979,0.554868887,0.65483871,35814.93548,13.59354839,0.27184789,-0.735321119,0.767741935,1279.702,32033.502,11580.224,2614.926,867.496,1.72,1.72,3.0406,3.2356,1.964,1.5
310409.6484,26.17548387,36852.99032,1141372.761,31.30580645,34.82612903,20.31806452,22.75677419,24.27419355,24.27419355,25.86789032,26.20935484,29.18783226,26.77450323,28.08763548,69.6036871,51.82048065,17.78319742,23.06319355,21.80507,22.66701613,21.82852226,22.49618903,367.5099355,379.618129,-12.10816645,22.84933226,21.87631419,22.57247774,133.1097871,168.3019935,-35.19220645,22.8254871,21.94694194,265.7084839,302.1396452,-36.43122903,2.87,2.03,1.49,2179.5,4909.0,5.25,0.83,1.00,4.00,513.049871,0.820729203,0.64957979,0.554868887,0.65483871,35814.93548,13.59354839,0.27184789,-0.735321119,0.767741935,1274.052,31776.622,11561.716,2624.194,873.35,1.81,1.834,2.9666,3.1514,1.9848,1.6
310409.6484,26.17548387,36852.99032,1141372.761,31.30580645,34.82612903,20.31806452,22.75677419,24.27419355,24.27419355,25.86789032,26.20935484,29.18783226,26.77450323,28.08763548,69.6036871,51.82048065,17.78319742,23.06319355,21.80507,22.66701613,21.82852226,22.49618903,367.5099355,379.618129,-12.10816645,22.84933226,21.87631419,22.57247774,133.1097871,168.3019935,-35.19220645,22.8254871,21.94694194,265.7084839,302.1396452,-36.43122903,2.77,1.96,1.49,2180.1,5019.1,5.10,0.83,1.00,4.00,513.049871,0.820729203,0.64957979,0.554868887,0.65483871,35814.93548,13.59354839,0.27184789,-0.735321119,0.767741935,1262.472,32355.858,11621.248,2671.3,890.6125,1.945,1.96,3.05375,3.28275,2.08175,1.75
319700.3876,26.90704301,37880.80914,1173329.903,32.27784946,35.79865591,20.70849462,22.29193548,24.97048387,24.97048387,26.48379247,26.99172043,30.06044731,27.6077914,28.99530538,75.09746774,53.69300161,21.40447188,23.5828172,22.24789,23.19167366,22.29337065,22.99492091,386.2138387,391.8041559,-5.590296129,23.34886398,22.33679715,23.05325602,137.9640844,172.4105005,-34.44641613,23.32275108,22.40768651,275.6972097,309.8144462,-34.11728925,2.92,2.06,1.61,2182.1,5148.4,5.09,0.83,1.00,4.00,526.2416774,0.938946291,0.715782176,0.567648401,0.710430108,36679.17204,13.90053763,0.248519742,-0.871162548,0.852688172,1244.4275,32987.8325,12101.37,2618.45,873.9425,1.96,1.96,3.22175,3.45375,2.28175,1.75
323416.6833,27.19966667,38291.93667,1186112.76,32.66666667,36.18766667,20.86466667,22.106,25.249,25.249,26.73015333,27.30466667,30.40949333,27.94110667,29.35837333,77.29498,54.44201,22.85298167,23.79066667,22.425018,23.40153667,22.47931,23.19441367,393.6954,396.6785667,-2.983148,23.54867667,22.52099033,23.24556733,139.9058033,174.0539033,-34.1481,23.52165667,22.59198433,279.6927,312.8843667,-33.19171333,3.05,2.23,1.76,2182.9,4940.6,5.23,0.83,1.00,4.00,531.5184,0.986233127,0.74226313,0.572760207,0.732666667,37024.86667,14.02333333,0.239188483,-0.92549912,0.886666667,1257.452,32534.48,11883.424,2467.44,810.52,2.038,1.976,3.6402,3.7792,2.5718,1.75
323416.6833,27.19966667,38291.93667,1186112.76,32.66666667,36.18766667,20.86466667,22.106,25.249,25.249,26.73015333,27.30466667,30.40949333,27.94110667,29.35837333,77.29498,54.44201,22.85298167,23.79066667,22.425018,23.40153667,22.47931,23.19441367,393.6954,396.6785667,-2.983148,23.54867667,22.52099033,23.24556733,139.9058033,174.0539033,-34.1481,23.52165667,22.59198433,279.6927,312.8843667,-33.19171333,3.36,2.83,2.23,2182.3,4881.7,5.78,0.83,1.00,4.00,531.5184,0.986233127,0.74226313,0.572760207,0.732666667,37024.86667,14.02333333,0.239188483,-0.92549912,0.886666667,1286.746,30273.19,10836.236,2364.738,751.972,2.154,1.996,3.5982,3.762,2.5976,1.75
323416.6833,27.19966667,38291.93667,1186112.76,32.66666667,36.18766667,20.86466667,22.106,25.249,25.249,26.73015333,27.30466667,30.40949333,27.94110667,29.35837333,77.29498,54.44201,22.85298167,23.79066667,22.425018,23.40153667,22.47931,23.19441367,393.6954,396.6785667,-2.983148,23.54867667,22.52099033,23.24556733,139.9058033,174.0539033,-34.1481,23.52165667,22.59198433,279.6927,312.8843667,-33.19171333,3.17,2.73,2.38,2183.3,4971.2,5.81,1.58,1.75,4.75,531.5184,0.986233127,0.74226313,0.572760207,0.732666667,37024.86667,14.02333333,0.239188483,-0.92549912,0.886666667,1297.5075,30797.855,11240.5475,2368.012,755.476,2.248,2.03,3.5322,3.6518,2.7536,1.75
317024.3527,26.85556989,37809.0357,1171590.943,31.88021505,35.29156989,20.32460215,22.01232258,24.95025806,24.95025806,26.41459269,26.94073118,30.04267914,27.57412086,29.00239398,76.39091161,53.53201032,22.85890796,23.43027312,22.07384245,23.06018731,22.1586671,22.85515744,378.2320258,383.5159828,-5.283942452,23.19648667,22.19536411,22.89561488,135.0583217,167.8310669,-32.77274516,23.16569828,22.26046437,267.8483032,300.969357,-33.1210514,3.07,2.74,2.47,2183.6,5127.1,5.70,1.58,1.75,4.75,524.2647677,0.883814467,0.683162995,0.556171292,0.699311828,36550.64731,13.83913978,0.239470253,-0.66466033,0.874408602,1294.18,31057.45,11208.114,2323.802,748.552,2.372,2.05,3.3094,3.3578,2.8654,1.75
308501.2452,26.39677419,37165.16774,1152228.519,30.8316129,34.09677419,19.60451613,21.88741935,24.55193548,24.55193548,25.99384516,26.45548387,29.55359355,27.08480645,28.52775484,75.1854871,52.31867742,22.86680968,22.94974839,21.60560839,22.60505484,21.73114323,22.40281581,357.6141935,365.965871,-8.351668387,22.7269,21.76119581,22.42901161,128.5950129,159.5339516,-30.93893871,22.6910871,21.81843774,252.0557742,285.0826774,-33.02683548,2.96,2.75,2.54,2186.7,5070.9,5.30,1.58,1.75,4.75,514.5932581,0.747256255,0.604362816,0.534052739,0.65483871,35918.35484,13.59354839,0.239845945,-0.316875277,0.858064516,1301.4525,31182.05,11485.1875,2327.988,761.894,2.498,2.398,3.2582,3.3174,2.9492,2.05
308501.2452,26.39677419,37165.16774,1152228.519,30.8316129,34.09677419,19.60451613,21.88741935,24.55193548,24.55193548,25.99384516,26.45548387,29.55359355,27.08480645,28.52775484,75.1854871,52.31867742,22.86680968,22.94974839,21.60560839,22.60505484,21.73114323,22.40281581,357.6141935,365.965871,-8.351668387,22.7269,21.76119581,22.42901161,128.5950129,159.5339516,-30.93893871,22.6910871,21.81843774,252.0557742,285.0826774,-33.02683548,2.95,2.99,2.78,2186.1,4865.6,5.51,1.58,1.75,4.75,514.5932581,0.747256255,0.604362816,0.534052739,0.65483871,35918.35484,13.59354839,0.239845945,-0.316875277,0.858064516,1312.074,30969.278,11317.704,2387.074,786.934,2.596,2.58,3.2424,3.3168,3.0238,2.25
308501.2452,26.39677419,37165.16774,1152228.519,30.8316129,34.09677419,19.60451613,21.88741935,24.55193548,24.55193548,25.99384516,26.45548387,29.55359355,27.08480645,28.52775484,75.1854871,52.31867742,22.86680968,22.94974839,21.60560839,22.60505484,21.73114323,22.40281581,357.6141935,365.965871,-8.351668387,22.7269,21.76119581,22.42901161,128.5950129,159.5339516,-30.93893871,22.6910871,21.81843774,252.0557742,285.0826774,-33.02683548,2.94,3.01,2.91,2184.3,4901.4,5.54,1.58,1.75,4.75,514.5932581,0.747256255,0.604362816,0.534052739,0.65483871,35918.35484,13.59354839,0.239845945,-0.316875277,0.858064516,1312.744,31742.138,11772.914,2423.79,795.452,2.618,2.67,3.1006,3.165,3.0084,2.25
308501.2452,26.39677419,37165.16774,1152228.519,30.8316129,34.09677419,19.60451613,21.88741935,24.55193548,24.55193548,25.99384516,26.45548387,29.55359355,27.08480645,28.52775484,75.1854871,52.31867742,22.86680968,22.94974839,21.60560839,22.60505484,21.73114323,22.40281581,357.6141935,365.965871,-8.351668387,22.7269,21.76119581,22.42901161,128.5950129,159.5339516,-30.93893871,22.6910871,21.81843774,252.0557742,285.0826774,-33.02683548,2.75,2.91,2.86,2183.5,5053.1,5.30,1.58,1.75,4.75,514.5932581,0.747256255,0.604362816,0.534052739,0.65483871,35918.35484,13.59354839,0.239845945,-0.316875277,0.858064516,1306.702,32264.786,11986.188,2463.446,816.822,2.648,2.734,3.0702,3.104,2.9574,2.25
301778.3548,26.29516129,37153.51613,1155595.203,30.42290323,33.79870968,19.89806452,21.93709677,24.52935484,24.52935484,25.96864516,26.61580645,29.63179032,27.12271935,28.6125,71.11108065,53.18356129,17.92752839,22.87015161,21.55949419,22.56858484,21.74375226,22.37001516,351.8026129,376.8443226,-25.04173226,22.66532258,21.77396968,22.37644387,124.1723903,163.2894968,-39.11708387,22.62454194,21.8205829,251.1645161,294.7727097,-43.60823871,2.72,3.01,2.90,2184.2,5182.1,4.99,2.33,2.50,5.50,513.7487419,0.762578126,0.600501481,0.514368377,0.65483871,35838.64516,13.57096774,0.193205713,-0.332089145,0.858064516,1305.636,32707.472,12552.806,2505.832,829.712,2.656,2.756,3.1454,3.179,2.9178,2.25
301778.3548,26.29516129,37153.51613,1155595.203,30.42290323,33.79870968,19.89806452,21.93709677,24.52935484,24.52935484,25.96864516,26.61580645,29.63179032,27.12271935,28.6125,71.11108065,53.18356129,17.92752839,22.87015161,21.55949419,22.56858484,21.74375226,22.37001516,351.8026129,376.8443226,-25.04173226,22.66532258,21.77396968,22.37644387,124.1723903,163.2894968,-39.11708387,22.62454194,21.8205829,251.1645161,294.7727097,-43.60823871,2.81,3.16,3.01,2185.6,5097.5,5.22,2.33,2.50,5.50,513.7487419,0.762578126,0.600501481,0.514368377,0.65483871,35838.64516,13.57096774,0.193205713,-0.332089145,0.858064516,1305.2,33202.836,12764.058,2512.6825,825.5975,2.67,2.76,3.12175,3.18225,2.89775,2.25
301778.3548,26.29516129,37153.51613,1155595.203,30.42290323,33.79870968,19.89806452,21.93709677,24.52935484,24.52935484,25.96864516,26.61580645,29.63179032,27.12271935,28.6125,71.11108065,53.18356129,17.92752839,22.87015161,21.55949419,22.56858484,21.74375226,22.37001516,351.8026129,376.8443226,-25.04173226,22.66532258,21.77396968,22.37644387,124.1723903,163.2894968,-39.11708387,22.62454194,21.8205829,251.1645161,294.7727097,-43.60823871,2.87,3.13,3.02,2185.4,5147.2,5.13,2.33,2.50,5.50,513.7487419,0.762578126,0.600501481,0.514368377,0.65483871,35838.64516,13.57096774,0.193205713,-0.332089145,0.858064516,1313.998,33950.11,12967.856,2460.716,796.45,2.736,2.824,3.3786,3.4524,3.078,2.35
301778.3548,26.29516129,37153.51613,1155595.203,30.42290323,33.79870968,19.89806452,21.93709677,24.52935484,24.52935484,25.96864516,26.61580645,29.63179032,27.12271935,28.6125,71.11108065,53.18356129,17.92752839,22.87015161,21.55949419,22.56858484,21.74375226,22.37001516,351.8026129,376.8443226,-25.04173226,22.66532258,21.77396968,22.37644387,124.1723903,163.2894968,-39.11708387,22.62454194,21.8205829,251.1645161,294.7727097,-43.60823871,3.05,3.21,3.13,2185.9,5266.1,5.55,2.33,2.50,5.50,513.7487419,0.762578126,0.600501481,0.514368377,0.65483871,35838.64516,13.57096774,0.193205713,-0.332089145,0.858064516,1337.496,32903.522,12395.076,2434.978,791.63,2.874,2.922,3.6872,3.7842,3.2738,2.5
305722.7006,26.80668817,38241.56215,1179698.114,31.50772043,35.11182796,20.20774194,22.72827957,25.02191398,25.02191398,26.50791269,27.30944086,30.31293871,27.69351591,29.25368667,73.51021742,54.52784817,18.98237045,23.26788022,21.95020856,22.97547331,22.16711363,22.78338802,367.0708151,385.717643,-18.64679897,23.06452301,22.19346662,22.77975118,130.3101787,167.5355462,-37.22535785,23.01965759,22.23937972,263.8808688,302.1124946,-38.23169849,3.17,3.35,3.26,2185.9,5393.2,5.66,2.33,2.50,5.50,524.1981656,0.884039157,0.681583764,0.543836257,0.749978495,36559.81935,13.82946237,0.243368942,-0.487537573,0.807741935,1350.274,31675.03,11826.6,2393.61,774.2225,2.885,2.93,3.6315,3.6955,3.22125,2.5
308680.96,27.19033333,39057.59667,1197775.297,32.32133333,36.09666667,20.44,23.32166667,25.39133333,25.39133333,26.91236333,27.82966667,30.8238,28.12161333,29.73457667,75.30957,55.53606333,19.773502,23.56617667,22.24324433,23.28063967,22.48463467,23.09341767,378.5219667,392.3726333,-13.850599,23.36392333,22.50808933,23.08223167,134.91352,170.7200833,-35.80656333,23.31599433,22.55347733,273.4181333,307.6173333,-34.19929333,3.31,3.48,3.37,2189.0,5167.5,5.89,2.33,2.50,5.50,532.0352333,0.97513493,0.742395477,0.565937167,0.821333333,37100.7,14.02333333,0.280991363,-0.604123893,0.77,1379.98,31663.2025,11827.8125,2411.3925,782.785,2.8875,2.95,3.6645,3.69,3.23525,2.5
308680.96,27.19033333,39057.59667,1197775.297,32.32133333,36.09666667,20.44,23.32166667,25.39133333,25.39133333,26.91236333,27.82966667,30.8238,28.12161333,29.73457667,75.30957,55.53606333,19.773502,23.56617667,22.24324433,23.28063967,22.48463467,23.09341767,378.5219667,392.3726333,-13.850599,23.36392333,22.50808933,23.08223167,134.91352,170.7200833,-35.80656333,23.31599433,22.55347733,273.4181333,307.6173333,-34.19929333,3.42,3.75,3.64,2187.9,5044.0,6.02,2.33,2.50,5.50,532.0352333,0.97513493,0.742395477,0.565937167,0.821333333,37100.7,14.02333333,0.280991363,-0.604123893,0.77,1384.13,31281.128,11724.084,2338.606,749.584,2.952,3.024,3.9464,3.9648,3.3746,2.5
308680.96,27.19033333,39057.59667,1197775.297,32.32133333,36.09666667,20.44,23.32166667,25.39133333,25.39133333,26.91236333,27.82966667,30.8238,28.12161333,29.73457667,75.30957,55.53606333,19.773502,23.56617667,22.24324433,23.28063967,22.48463467,23.09341767,378.5219667,392.3726333,-13.850599,23.36392333,22.50808933,23.08223167,134.91352,170.7200833,-35.80656333,23.31599433,22.55347733,273.4181333,307.6173333,-34.19929333,3.59,3.90,3.77,2187.8,5078.3,6.29,2.33,2.50,5.50,532.0352333,0.97513493,0.742395477,0.565937167,0.821333333,37100.7,14.02333333,0.280991363,-0.604123893,0.77,1400.108,30315.356,11223,2188.102,682.414,3.138,3.158,4.3358,4.359,3.7316,2.5
